/*******************************************************************************
 * Size: 14 px
 * Bpp: 4
 * Opts: --font assets/fonts/NotoSansCJKsc-Regular.otf --symbols  !"#$%&'()*+,-./0123456789:;<=>?@ABCDEFGHIJKLMNOPQRSTUVWXYZ[\]^_`abcdefghijklmnopqrstuvwxyz{|}~上下不乐仅估伴低住供候倾偏出切判匹单参取可合同后听哼唱器在声备多大太奏完定小少已带建开式待律性或持按换接播放效整新旋更最有松果模正段清源片用短确离种秒空符等类结继续考至计认议试请调足达过近远适选配采重长集雷靠音 --size 14 --bpp 4 --format lvgl --no-compress --no-kerning --lv-font-name key_font_14 --lv-include lvgl.h --output assets/fonts/key_font_14.c
 ******************************************************************************/

#ifdef LV_LVGL_H_INCLUDE_SIMPLE
#include "lvgl.h"
#else
#include "lvgl.h"
#endif

#ifndef KEY_FONT_14
#define KEY_FONT_14 1
#endif

#if KEY_FONT_14

/*-----------------
 *    BITMAPS
 *----------------*/

/*Store the image of the glyphs*/
static LV_ATTRIBUTE_LARGE_CONST const uint8_t glyph_bitmap[] = {
    /* U+0020 " " */

    /* U+0021 "!" */
    0x6e, 0x5, 0xd0, 0x5d, 0x4, 0xd0, 0x4c, 0x3,
    0xc0, 0x3b, 0x1, 0x60, 0x0, 0x6, 0xd0, 0x6d,
    0x0,

    /* U+0022 "\"" */
    0xb9, 0xf, 0x5b, 0x90, 0xf5, 0x97, 0xd, 0x38,
    0x60, 0xc1, 0x10, 0x1, 0x0,

    /* U+0023 "#" */
    0x0, 0x66, 0x7, 0x50, 0x0, 0x84, 0x9, 0x30,
    0x0, 0xa2, 0xb, 0x10, 0x1e, 0xfe, 0xef, 0xe4,
    0x0, 0xd0, 0xd, 0x0, 0x0, 0xd0, 0xc, 0x0,
    0x0, 0xc0, 0x2b, 0x0, 0x6e, 0xfd, 0xef, 0xd0,
    0x4, 0x80, 0x57, 0x0, 0x6, 0x60, 0x75, 0x0,
    0x8, 0x40, 0x93, 0x0,

    /* U+0024 "$" */
    0x0, 0x5, 0x40, 0x0, 0x0, 0x86, 0x0, 0x0,
    0xaf, 0xfa, 0x10, 0x8d, 0x31, 0x84, 0xb, 0x80,
    0x0, 0x0, 0x9c, 0x0, 0x0, 0x1, 0xbe, 0x60,
    0x0, 0x0, 0x6e, 0xb1, 0x0, 0x0, 0x1d, 0x90,
    0x0, 0x0, 0x7c, 0x7, 0x10, 0xb, 0xa0, 0xaf,
    0xce, 0xe2, 0x0, 0x2a, 0x90, 0x0, 0x0, 0x86,
    0x0,

    /* U+0025 "%" */
    0x6, 0xdc, 0x30, 0x0, 0x67, 0x0, 0x1, 0xd0,
    0x2d, 0x0, 0xc, 0x0, 0x0, 0x59, 0x0, 0xd1,
    0x7, 0x60, 0x0, 0x6, 0x80, 0xc, 0x20, 0xc0,
    0x0, 0x0, 0x5a, 0x0, 0xe1, 0x76, 0x3c, 0xc3,
    0x1, 0xe1, 0x4c, 0x1c, 0xd, 0x22, 0xd0, 0x4,
    0xcb, 0x28, 0x52, 0xc0, 0xb, 0x30, 0x0, 0x1,
    0xc0, 0x4a, 0x0, 0xa5, 0x0, 0x0, 0x85, 0x3,
    0xb0, 0xb, 0x30, 0x0, 0x1c, 0x0, 0xd, 0x11,
    0xe0, 0x0, 0x9, 0x40, 0x0, 0x4d, 0xd4, 0x0,

    /* U+0026 "&" */
    0x0, 0x3d, 0xe8, 0x0, 0x0, 0x0, 0xe5, 0x1f,
    0x20, 0x0, 0x1, 0xf0, 0xe, 0x20, 0x0, 0x0,
    0xf3, 0x9b, 0x0, 0x0, 0x0, 0xae, 0xb0, 0x0,
    0x0, 0x2, 0xef, 0x20, 0x2, 0xd0, 0x1e, 0x78,
    0xd0, 0x8, 0xa0, 0x6e, 0x0, 0xcb, 0x2f, 0x30,
    0x6d, 0x0, 0xc, 0xf9, 0x0, 0x2f, 0x81, 0x3b,
    0xee, 0x60, 0x3, 0xcf, 0xd8, 0x5, 0xd1,

    /* U+0027 "'" */
    0xb9, 0xb9, 0x97, 0x86, 0x10,

    /* U+0028 "(" */
    0x0, 0x80, 0x3, 0xc0, 0xa, 0x50, 0x1e, 0x0,
    0x5b, 0x0, 0x89, 0x0, 0xa7, 0x0, 0xb6, 0x0,
    0xa7, 0x0, 0x99, 0x0, 0x5b, 0x0, 0x1e, 0x0,
    0xb, 0x50, 0x3, 0xb0, 0x0, 0x90,

    /* U+0029 ")" */
    0x26, 0x0, 0x1e, 0x0, 0xa, 0x60, 0x3, 0xd0,
    0x0, 0xf1, 0x0, 0xd4, 0x0, 0xb5, 0x0, 0xa6,
    0x0, 0xb5, 0x0, 0xd4, 0x0, 0xf1, 0x3, 0xd0,
    0x9, 0x60, 0xe, 0x0, 0x26, 0x0,

    /* U+002A "*" */
    0x0, 0x2a, 0x0, 0x8, 0x7d, 0x74, 0x5, 0xdf,
    0x91, 0x1, 0xea, 0x80, 0x2, 0x40, 0x60,

    /* U+002B "+" */
    0x0, 0x2, 0x10, 0x0, 0x0, 0x9, 0x60, 0x0,
    0x0, 0x9, 0x60, 0x0, 0x0, 0x9, 0x60, 0x0,
    0x7f, 0xff, 0xff, 0xf3, 0x0, 0x9, 0x60, 0x0,
    0x0, 0x9, 0x60, 0x0, 0x0, 0x9, 0x60, 0x0,

    /* U+002C "," */
    0x8, 0x80, 0xb, 0xf0, 0x0, 0xe0, 0xa, 0x70,
    0x15, 0x0,

    /* U+002D "-" */
    0x5e, 0xee, 0x30, 0x11, 0x10,

    /* U+002E "." */
    0xb9, 0xb9,

    /* U+002F "/" */
    0x0, 0x0, 0xc2, 0x0, 0x1, 0xd0, 0x0, 0x6,
    0x80, 0x0, 0xb, 0x30, 0x0, 0xe, 0x0, 0x0,
    0x4a, 0x0, 0x0, 0x95, 0x0, 0x0, 0xd0, 0x0,
    0x3, 0xb0, 0x0, 0x7, 0x60, 0x0, 0xc, 0x20,
    0x0, 0x1d, 0x0, 0x0, 0x68, 0x0, 0x0, 0xb3,
    0x0, 0x0,

    /* U+0030 "0" */
    0x0, 0x8e, 0xd5, 0x0, 0x7, 0xd2, 0x4f, 0x30,
    0xd, 0x50, 0x9, 0xa0, 0x1f, 0x10, 0x4, 0xe0,
    0x3f, 0x0, 0x3, 0xf0, 0x4f, 0x0, 0x2, 0xf0,
    0x3f, 0x0, 0x3, 0xf0, 0x1f, 0x10, 0x5, 0xe0,
    0xd, 0x60, 0x9, 0xa0, 0x7, 0xe3, 0x4f, 0x30,
    0x0, 0x8e, 0xd5, 0x0,

    /* U+0031 "1" */
    0x17, 0xdc, 0x0, 0x3a, 0xdc, 0x0, 0x0, 0x7c,
    0x0, 0x0, 0x7c, 0x0, 0x0, 0x7c, 0x0, 0x0,
    0x7c, 0x0, 0x0, 0x7c, 0x0, 0x0, 0x7c, 0x0,
    0x0, 0x7c, 0x0, 0x11, 0x8d, 0x11, 0xcf, 0xff,
    0xfd,

    /* U+0032 "2" */
    0x4, 0xbf, 0xd4, 0x0, 0x2e, 0x51, 0x7f, 0x20,
    0x1, 0x0, 0xe, 0x70, 0x0, 0x0, 0xc, 0x80,
    0x0, 0x0, 0xe, 0x50, 0x0, 0x0, 0x6e, 0x0,
    0x0, 0x1, 0xe6, 0x0, 0x0, 0xc, 0xb0, 0x0,
    0x0, 0xad, 0x10, 0x0, 0xa, 0xe3, 0x22, 0x20,
    0x5f, 0xff, 0xff, 0xf0,

    /* U+0033 "3" */
    0x4, 0xbf, 0xd6, 0x0, 0xd6, 0x26, 0xf4, 0x0,
    0x0, 0xc, 0x90, 0x0, 0x0, 0xc8, 0x0, 0x2,
    0x8d, 0x10, 0x8, 0xff, 0x30, 0x0, 0x1, 0x5e,
    0x60, 0x0, 0x0, 0x6e, 0x0, 0x0, 0x6, 0xe5,
    0xd5, 0x24, 0xe8, 0x6, 0xbf, 0xd8, 0x0,

    /* U+0034 "4" */
    0x0, 0x0, 0xbf, 0x0, 0x0, 0x5, 0xef, 0x0,
    0x0, 0xe, 0x8f, 0x0, 0x0, 0x8c, 0x3f, 0x0,
    0x2, 0xf3, 0x3f, 0x0, 0xa, 0x90, 0x3f, 0x0,
    0x4e, 0x0, 0x3f, 0x0, 0xbf, 0xee, 0xff, 0xe5,
    0x11, 0x11, 0x5f, 0x10, 0x0, 0x0, 0x3f, 0x0,
    0x0, 0x0, 0x3f, 0x0,

    /* U+0035 "5" */
    0x7, 0xff, 0xff, 0x80, 0x8, 0xa1, 0x11, 0x10,
    0x9, 0x80, 0x0, 0x0, 0xb, 0x70, 0x0, 0x0,
    0xc, 0xce, 0xe9, 0x0, 0x5, 0x40, 0x3e, 0x80,
    0x0, 0x0, 0x7, 0xe0, 0x0, 0x0, 0x5, 0xf0,
    0x0, 0x0, 0x8, 0xd0, 0x6d, 0x52, 0x6f, 0x50,
    0x6, 0xbf, 0xd6, 0x0,

    /* U+0036 "6" */
    0x0, 0x3c, 0xfc, 0x40, 0x2, 0xf7, 0x25, 0x80,
    0xa, 0x90, 0x0, 0x0, 0xf, 0x30, 0x0, 0x0,
    0x1f, 0x4c, 0xeb, 0x10, 0x2f, 0xc2, 0x1b, 0xb0,
    0x2f, 0x10, 0x2, 0xf0, 0xf, 0x20, 0x1, 0xf2,
    0xc, 0x70, 0x3, 0xf0, 0x4, 0xe4, 0x1c, 0x90,
    0x0, 0x5d, 0xe9, 0x0,

    /* U+0037 "7" */
    0x4f, 0xff, 0xff, 0xf1, 0x1, 0x11, 0x1a, 0xa0,
    0x0, 0x0, 0x2e, 0x10, 0x0, 0x0, 0xa8, 0x0,
    0x0, 0x1, 0xf2, 0x0, 0x0, 0x6, 0xc0, 0x0,
    0x0, 0xa, 0x90, 0x0, 0x0, 0xd, 0x60, 0x0,
    0x0, 0xf, 0x40, 0x0, 0x0, 0x1f, 0x30, 0x0,
    0x0, 0x3f, 0x20, 0x0,

    /* U+0038 "8" */
    0x0, 0x9e, 0xe8, 0x0, 0x8, 0xc2, 0x2d, 0x60,
    0xc, 0x60, 0x7, 0xb0, 0xa, 0x90, 0x7, 0x80,
    0x2, 0xea, 0x3d, 0x20, 0x0, 0xcd, 0xfa, 0x0,
    0xc, 0x60, 0x5e, 0x80, 0x3e, 0x0, 0x4, 0xf0,
    0x4e, 0x0, 0x2, 0xf1, 0xe, 0x80, 0x2b, 0xb0,
    0x2, 0xbe, 0xe9, 0x10,

    /* U+0039 "9" */
    0x1, 0xbf, 0xc3, 0x0, 0xc, 0x91, 0x5f, 0x20,
    0x3f, 0x0, 0xa, 0x90, 0x5d, 0x0, 0x5, 0xd0,
    0x4f, 0x10, 0x5, 0xf0, 0xe, 0x80, 0x4e, 0xf0,
    0x3, 0xce, 0xa6, 0xd0, 0x0, 0x0, 0x6, 0xb0,
    0x0, 0x0, 0xc, 0x60, 0xa, 0x42, 0x9d, 0x0,
    0x6, 0xde, 0xa1, 0x0,

    /* U+003A ":" */
    0xb9, 0xb9, 0x0, 0x0, 0x0, 0x0, 0xb9, 0xb9,

    /* U+003B ";" */
    0xb, 0x90, 0xb, 0x90, 0x0, 0x0, 0x0, 0x0,
    0x0, 0x0, 0x0, 0x0, 0x8, 0x80, 0xb, 0xf0,
    0x0, 0xe0, 0xa, 0x70, 0x15, 0x0,

    /* U+003C "<" */
    0x0, 0x0, 0x0, 0x42, 0x0, 0x1, 0x7d, 0xd2,
    0x3, 0xae, 0xa3, 0x0, 0x7f, 0x70, 0x0, 0x0,
    0x29, 0xea, 0x40, 0x0, 0x0, 0x6, 0xce, 0x81,
    0x0, 0x0, 0x3, 0x93,

    /* U+003D "=" */
    0x7f, 0xff, 0xff, 0xf3, 0x0, 0x0, 0x0, 0x0,
    0x0, 0x0, 0x0, 0x0, 0x7f, 0xff, 0xff, 0xf3,

    /* U+003E ">" */
    0x32, 0x0, 0x0, 0x0, 0x5e, 0xc5, 0x0, 0x0,
    0x0, 0x5b, 0xe8, 0x20, 0x0, 0x0, 0x19, 0xf3,
    0x0, 0x5, 0xbe, 0x70, 0x29, 0xfb, 0x40, 0x0,
    0x68, 0x10, 0x0, 0x0,

    /* U+003F "?" */
    0x6, 0xcf, 0xb1, 0x2c, 0x43, 0xda, 0x0, 0x0,
    0x7d, 0x0, 0x0, 0xa9, 0x0, 0x4, 0xe1, 0x0,
    0xe, 0x50, 0x0, 0x5d, 0x0, 0x0, 0x57, 0x0,
    0x0, 0x0, 0x0, 0x0, 0x8c, 0x0, 0x0, 0x9c,
    0x0,

    /* U+0040 "@" */
    0x0, 0x0, 0x4b, 0xee, 0xc8, 0x0, 0x0, 0x0,
    0x9c, 0x40, 0x2, 0x8d, 0x10, 0x0, 0x99, 0x0,
    0x0, 0x0, 0x6a, 0x0, 0x3d, 0x0, 0x5b, 0xbb,
    0x10, 0xd1, 0xc, 0x40, 0x4c, 0x14, 0xf0, 0x9,
    0x40, 0xf0, 0xc, 0x40, 0x3c, 0x0, 0x76, 0x2d,
    0x0, 0xf0, 0x5, 0xa0, 0x9, 0x42, 0xc0, 0x1e,
    0x0, 0x78, 0x0, 0xc1, 0xe, 0x0, 0xe3, 0x2d,
    0x90, 0x78, 0x0, 0xc4, 0x4, 0xc9, 0x1a, 0xc7,
    0x0, 0x3, 0xd0, 0x0, 0x0, 0x0, 0x0, 0x0,
    0x7, 0xd5, 0x10, 0x16, 0x0, 0x0, 0x0, 0x2,
    0xac, 0xdc, 0x70, 0x0, 0x0,

    /* U+0041 "A" */
    0x0, 0xa, 0xf2, 0x0, 0x0, 0x0, 0xec, 0x70,
    0x0, 0x0, 0x4e, 0x6c, 0x0, 0x0, 0x9, 0x92,
    0xf1, 0x0, 0x0, 0xe5, 0xe, 0x60, 0x0, 0x3f,
    0x10, 0xab, 0x0, 0x8, 0xd0, 0x5, 0xf0, 0x0,
    0xdf, 0xee, 0xff, 0x50, 0x2f, 0x41, 0x11, 0xca,
    0x7, 0xd0, 0x0, 0x6, 0xf0, 0xc8, 0x0, 0x0,
    0x1f, 0x40,

    /* U+0042 "B" */
    0x9f, 0xff, 0xe8, 0x0, 0x9b, 0x1, 0x4d, 0x90,
    0x9b, 0x0, 0x6, 0xe0, 0x9b, 0x0, 0x5, 0xd0,
    0x9b, 0x0, 0x2d, 0x70, 0x9f, 0xef, 0xfc, 0x0,
    0x9b, 0x11, 0x39, 0xe1, 0x9b, 0x0, 0x0, 0xd7,
    0x9b, 0x0, 0x0, 0xd7, 0x9b, 0x1, 0x29, 0xf2,
    0x9f, 0xff, 0xeb, 0x30,

    /* U+0043 "C" */
    0x0, 0x8, 0xde, 0xb3, 0x0, 0xc, 0xd5, 0x37,
    0xd0, 0x7, 0xe1, 0x0, 0x0, 0x0, 0xe7, 0x0,
    0x0, 0x0, 0xf, 0x40, 0x0, 0x0, 0x2, 0xf2,
    0x0, 0x0, 0x0, 0xf, 0x40, 0x0, 0x0, 0x0,
    0xe7, 0x0, 0x0, 0x0, 0x7, 0xe1, 0x0, 0x2,
    0x0, 0xd, 0xd5, 0x37, 0xf2, 0x0, 0x8, 0xde,
    0xb4, 0x0,

    /* U+0044 "D" */
    0x9f, 0xfe, 0xb5, 0x0, 0x9b, 0x13, 0x7f, 0x80,
    0x9b, 0x0, 0x4, 0xf2, 0x9b, 0x0, 0x0, 0xd8,
    0x9b, 0x0, 0x0, 0xaa, 0x9b, 0x0, 0x0, 0x9c,
    0x9b, 0x0, 0x0, 0xaa, 0x9b, 0x0, 0x0, 0xd8,
    0x9b, 0x0, 0x5, 0xf2, 0x9b, 0x13, 0x7f, 0x80,
    0x9f, 0xfe, 0xb5, 0x0,

    /* U+0045 "E" */
    0x9f, 0xff, 0xff, 0x59, 0xb1, 0x11, 0x10, 0x9b,
    0x0, 0x0, 0x9, 0xb0, 0x0, 0x0, 0x9b, 0x0,
    0x0, 0x9, 0xff, 0xff, 0x90, 0x9b, 0x22, 0x21,
    0x9, 0xb0, 0x0, 0x0, 0x9b, 0x0, 0x0, 0x9,
    0xb2, 0x22, 0x21, 0x9f, 0xff, 0xff, 0x70,

    /* U+0046 "F" */
    0x9f, 0xff, 0xff, 0x59, 0xb1, 0x11, 0x10, 0x9b,
    0x0, 0x0, 0x9, 0xb0, 0x0, 0x0, 0x9b, 0x0,
    0x0, 0x9, 0xff, 0xff, 0x90, 0x9b, 0x22, 0x21,
    0x9, 0xb0, 0x0, 0x0, 0x9b, 0x0, 0x0, 0x9,
    0xb0, 0x0, 0x0, 0x9b, 0x0, 0x0, 0x0,

    /* U+0047 "G" */
    0x0, 0x7, 0xcf, 0xc6, 0x0, 0xc, 0xe6, 0x36,
    0xd3, 0x7, 0xe1, 0x0, 0x0, 0x0, 0xd7, 0x0,
    0x0, 0x0, 0xf, 0x40, 0x0, 0x0, 0x2, 0xf2,
    0x0, 0xbf, 0xf9, 0xf, 0x40, 0x1, 0x2a, 0x90,
    0xe7, 0x0, 0x0, 0x99, 0x7, 0xe1, 0x0, 0x9,
    0x90, 0xc, 0xe6, 0x35, 0xe9, 0x0, 0x8, 0xcf,
    0xc7, 0x0,

    /* U+0048 "H" */
    0x9b, 0x0, 0x0, 0x8c, 0x9b, 0x0, 0x0, 0x8c,
    0x9b, 0x0, 0x0, 0x8c, 0x9b, 0x0, 0x0, 0x8c,
    0x9b, 0x0, 0x0, 0x8c, 0x9f, 0xff, 0xff, 0xfc,
    0x9c, 0x22, 0x22, 0x9c, 0x9b, 0x0, 0x0, 0x8c,
    0x9b, 0x0, 0x0, 0x8c, 0x9b, 0x0, 0x0, 0x8c,
    0x9b, 0x0, 0x0, 0x8c,

    /* U+0049 "I" */
    0x9b, 0x9b, 0x9b, 0x9b, 0x9b, 0x9b, 0x9b, 0x9b,
    0x9b, 0x9b, 0x9b,

    /* U+004A "J" */
    0x0, 0x0, 0x2f, 0x20, 0x0, 0x2, 0xf2, 0x0,
    0x0, 0x2f, 0x20, 0x0, 0x2, 0xf2, 0x0, 0x0,
    0x2f, 0x20, 0x0, 0x2, 0xf2, 0x0, 0x0, 0x2f,
    0x20, 0x0, 0x2, 0xf2, 0x2, 0x0, 0x4f, 0x3,
    0xf6, 0x3c, 0xb0, 0x5, 0xcf, 0xb1, 0x0,

    /* U+004B "K" */
    0x9b, 0x0, 0x5, 0xf2, 0x9b, 0x0, 0x2f, 0x50,
    0x9b, 0x0, 0xd9, 0x0, 0x9b, 0xb, 0xc0, 0x0,
    0x9b, 0x7f, 0x70, 0x0, 0x9e, 0xfa, 0xe1, 0x0,
    0x9f, 0x70, 0xd8, 0x0, 0x9c, 0x0, 0x5f, 0x10,
    0x9b, 0x0, 0xc, 0xa0, 0x9b, 0x0, 0x4, 0xf2,
    0x9b, 0x0, 0x0, 0xbb,

    /* U+004C "L" */
    0x9b, 0x0, 0x0, 0x9, 0xb0, 0x0, 0x0, 0x9b,
    0x0, 0x0, 0x9, 0xb0, 0x0, 0x0, 0x9b, 0x0,
    0x0, 0x9, 0xb0, 0x0, 0x0, 0x9b, 0x0, 0x0,
    0x9, 0xb0, 0x0, 0x0, 0x9b, 0x0, 0x0, 0x9,
    0xb2, 0x22, 0x20, 0x9f, 0xff, 0xff, 0x30,

    /* U+004D "M" */
    0x9f, 0x20, 0x0, 0xc, 0xf9, 0xf7, 0x0, 0x1,
    0xff, 0x9b, 0xc0, 0x0, 0x6b, 0xf9, 0x8e, 0x20,
    0xc, 0x6f, 0x98, 0x97, 0x1, 0xe3, 0xf9, 0x94,
    0xc0, 0x69, 0x3f, 0x99, 0xe, 0x1c, 0x33, 0xf9,
    0x90, 0x98, 0xe0, 0x3f, 0x99, 0x3, 0xf9, 0x3,
    0xf9, 0x90, 0xc, 0x30, 0x3f, 0x99, 0x0, 0x0,
    0x3, 0xf0,

    /* U+004E "N" */
    0x9e, 0x10, 0x0, 0x8b, 0x9f, 0x80, 0x0, 0x8b,
    0x9a, 0xf1, 0x0, 0x8b, 0x98, 0x99, 0x0, 0x8b,
    0x99, 0x2f, 0x20, 0x8b, 0x99, 0x9, 0xb0, 0x8b,
    0x99, 0x1, 0xf3, 0x7b, 0x99, 0x0, 0x8c, 0x7b,
    0x99, 0x0, 0xe, 0xab, 0x99, 0x0, 0x6, 0xfb,
    0x99, 0x0, 0x0, 0xdb,

    /* U+004F "O" */
    0x0, 0x9, 0xde, 0xb3, 0x0, 0x0, 0xdc, 0x54,
    0x9f, 0x50, 0x8, 0xe0, 0x0, 0x8, 0xd0, 0xe,
    0x70, 0x0, 0x1, 0xf4, 0xf, 0x40, 0x0, 0x0,
    0xd7, 0x2f, 0x20, 0x0, 0x0, 0xc8, 0xf, 0x40,
    0x0, 0x0, 0xe6, 0xe, 0x70, 0x0, 0x1, 0xf4,
    0x7, 0xe0, 0x0, 0x8, 0xd0, 0x0, 0xdd, 0x54,
    0x9f, 0x40, 0x0, 0x9, 0xde, 0xb3, 0x0,

    /* U+0050 "P" */
    0x9f, 0xff, 0xd8, 0x0, 0x9b, 0x11, 0x4d, 0xa0,
    0x9b, 0x0, 0x4, 0xf0, 0x9b, 0x0, 0x2, 0xf2,
    0x9b, 0x0, 0x4, 0xf0, 0x9b, 0x0, 0x2d, 0x90,
    0x9f, 0xef, 0xf9, 0x0, 0x9b, 0x11, 0x0, 0x0,
    0x9b, 0x0, 0x0, 0x0, 0x9b, 0x0, 0x0, 0x0,
    0x9b, 0x0, 0x0, 0x0,

    /* U+0051 "Q" */
    0x0, 0x19, 0xde, 0xb3, 0x0, 0x1, 0xdc, 0x54,
    0x9f, 0x50, 0x8, 0xd0, 0x0, 0x8, 0xe0, 0xe,
    0x60, 0x0, 0x1, 0xf4, 0x1f, 0x30, 0x0, 0x0,
    0xd7, 0x2f, 0x20, 0x0, 0x0, 0xc8, 0xf, 0x40,
    0x0, 0x0, 0xe6, 0xd, 0x80, 0x0, 0x2, 0xf3,
    0x6, 0xe2, 0x0, 0xa, 0xc0, 0x0, 0xae, 0x87,
    0xce, 0x20, 0x0, 0x4, 0xbf, 0x71, 0x0, 0x0,
    0x0, 0xe, 0xb2, 0x0, 0x0, 0x0, 0x1, 0xbf,
    0xfa, 0x0, 0x0, 0x0, 0x0, 0x10,

    /* U+0052 "R" */
    0x9f, 0xff, 0xea, 0x10, 0x9b, 0x11, 0x3b, 0xc0,
    0x9b, 0x0, 0x2, 0xf1, 0x9b, 0x0, 0x2, 0xf1,
    0x9b, 0x0, 0x1b, 0xd0, 0x9f, 0xef, 0xf9, 0x10,
    0x9b, 0x15, 0xf2, 0x0, 0x9b, 0x0, 0xba, 0x0,
    0x9b, 0x0, 0x3f, 0x30, 0x9b, 0x0, 0xb, 0xb0,
    0x9b, 0x0, 0x3, 0xf3,

    /* U+0053 "S" */
    0x0, 0x7d, 0xfc, 0x50, 0x7, 0xe6, 0x36, 0xe2,
    0xc, 0x80, 0x0, 0x0, 0xb, 0xc0, 0x0, 0x0,
    0x3, 0xfd, 0x50, 0x0, 0x0, 0x1a, 0xfe, 0x40,
    0x0, 0x0, 0x2a, 0xf4, 0x0, 0x0, 0x0, 0xda,
    0x4, 0x0, 0x0, 0xa9, 0x1e, 0xb5, 0x48, 0xf3,
    0x1, 0x9d, 0xfc, 0x40,

    /* U+0054 "T" */
    0x8f, 0xff, 0xff, 0xff, 0x11, 0x18, 0xd1, 0x11,
    0x0, 0x7, 0xd0, 0x0, 0x0, 0x7, 0xd0, 0x0,
    0x0, 0x7, 0xd0, 0x0, 0x0, 0x7, 0xd0, 0x0,
    0x0, 0x7, 0xd0, 0x0, 0x0, 0x7, 0xd0, 0x0,
    0x0, 0x7, 0xd0, 0x0, 0x0, 0x7, 0xd0, 0x0,
    0x0, 0x7, 0xd0, 0x0,

    /* U+0055 "U" */
    0x9a, 0x0, 0x0, 0x8b, 0x9a, 0x0, 0x0, 0x8b,
    0x9a, 0x0, 0x0, 0x8b, 0x9a, 0x0, 0x0, 0x8b,
    0x9a, 0x0, 0x0, 0x8b, 0x9a, 0x0, 0x0, 0x8b,
    0x9a, 0x0, 0x0, 0x8b, 0x7c, 0x0, 0x0, 0xa9,
    0x4f, 0x10, 0x0, 0xe6, 0xd, 0xc4, 0x4b, 0xe0,
    0x1, 0xae, 0xeb, 0x20,

    /* U+0056 "V" */
    0xd8, 0x0, 0x0, 0x6e, 0x8, 0xc0, 0x0, 0xa,
    0x90, 0x3f, 0x10, 0x0, 0xf4, 0x0, 0xe5, 0x0,
    0x3f, 0x0, 0xa, 0x90, 0x8, 0xb0, 0x0, 0x5e,
    0x0, 0xc6, 0x0, 0x1, 0xf2, 0x1f, 0x10, 0x0,
    0xb, 0x75, 0xd0, 0x0, 0x0, 0x7b, 0x98, 0x0,
    0x0, 0x2, 0xfe, 0x30, 0x0, 0x0, 0xd, 0xe0,
    0x0, 0x0,

    /* U+0057 "W" */
    0x8c, 0x0, 0x8, 0xe0, 0x0, 0x6c, 0x5f, 0x0,
    0xc, 0xf2, 0x0, 0x99, 0x2f, 0x20, 0xf, 0xb5,
    0x0, 0xc6, 0xf, 0x50, 0x3c, 0x89, 0x0, 0xf3,
    0xc, 0x70, 0x79, 0x4d, 0x2, 0xf0, 0x8, 0xa0,
    0xb5, 0x1f, 0x15, 0xd0, 0x5, 0xd0, 0xe1, 0xd,
    0x48, 0xa0, 0x2, 0xf2, 0xe0, 0x9, 0x8a, 0x70,
    0x0, 0xf8, 0xa0, 0x5, 0xbd, 0x40, 0x0, 0xce,
    0x60, 0x1, 0xef, 0x10, 0x0, 0x9f, 0x30, 0x0,
    0xee, 0x0,

    /* U+0058 "X" */
    0x4f, 0x20, 0x1, 0xf5, 0xc, 0x90, 0x8, 0xc0,
    0x3, 0xf2, 0xe, 0x40, 0x0, 0xb9, 0x7c, 0x0,
    0x0, 0x3f, 0xe3, 0x0, 0x0, 0xe, 0xe0, 0x0,
    0x0, 0x6c, 0xe5, 0x0, 0x0, 0xe5, 0x6e, 0x0,
    0x7, 0xd0, 0xe, 0x70, 0xe, 0x50, 0x6, 0xe0,
    0x8d, 0x0, 0x0, 0xd8,

    /* U+0059 "Y" */
    0xc, 0x90, 0x0, 0x1f, 0x30, 0x5f, 0x0, 0x8,
    0xc0, 0x0, 0xd6, 0x0, 0xe4, 0x0, 0x6, 0xd0,
    0x6d, 0x0, 0x0, 0xe, 0x4d, 0x60, 0x0, 0x0,
    0x8d, 0xe0, 0x0, 0x0, 0x1, 0xf7, 0x0, 0x0,
    0x0, 0xe, 0x50, 0x0, 0x0, 0x0, 0xe5, 0x0,
    0x0, 0x0, 0xe, 0x50, 0x0, 0x0, 0x0, 0xe5,
    0x0, 0x0,

    /* U+005A "Z" */
    0xc, 0xff, 0xff, 0xfb, 0x1, 0x11, 0x14, 0xf4,
    0x0, 0x0, 0xb, 0xb0, 0x0, 0x0, 0x4f, 0x20,
    0x0, 0x0, 0xd8, 0x0, 0x0, 0x7, 0xd0, 0x0,
    0x0, 0x2f, 0x40, 0x0, 0x0, 0xbb, 0x0, 0x0,
    0x4, 0xf2, 0x0, 0x0, 0xd, 0x92, 0x22, 0x21,
    0x4f, 0xff, 0xff, 0xfc,

    /* U+005B "[" */
    0x8d, 0xc3, 0x86, 0x0, 0x86, 0x0, 0x86, 0x0,
    0x86, 0x0, 0x86, 0x0, 0x86, 0x0, 0x86, 0x0,
    0x86, 0x0, 0x86, 0x0, 0x86, 0x0, 0x86, 0x0,
    0x86, 0x0, 0x7c, 0xb2,

    /* U+005C "\\" */
    0xa4, 0x0, 0x0, 0x59, 0x0, 0x0, 0x1d, 0x0,
    0x0, 0xc, 0x20, 0x0, 0x7, 0x70, 0x0, 0x2,
    0xc0, 0x0, 0x0, 0xd1, 0x0, 0x0, 0x85, 0x0,
    0x0, 0x4a, 0x0, 0x0, 0xe, 0x0, 0x0, 0xa,
    0x40, 0x0, 0x5, 0x90, 0x0, 0x1, 0xd0, 0x0,
    0x0, 0xc2,

    /* U+005D "]" */
    0x6c, 0xe4, 0x0, 0xb4, 0x0, 0xb4, 0x0, 0xb4,
    0x0, 0xb4, 0x0, 0xb4, 0x0, 0xb4, 0x0, 0xb4,
    0x0, 0xb4, 0x0, 0xb4, 0x0, 0xb4, 0x0, 0xb4,
    0x0, 0xb4, 0x6b, 0xd3,

    /* U+005E "^" */
    0x0, 0xe, 0xa0, 0x0, 0x4, 0xce, 0x10, 0x0,
    0xa5, 0x97, 0x0, 0x1e, 0x3, 0xd0, 0x7, 0x90,
    0xd, 0x30, 0xd3, 0x0, 0x7a,

    /* U+005F "_" */
    0xbd, 0xdd, 0xdd, 0xd8,

    /* U+0060 "`" */
    0x31, 0x0, 0xbb, 0x0, 0xc, 0x90, 0x0, 0x80,

    /* U+0061 "a" */
    0x2, 0xad, 0xe9, 0x0, 0x87, 0x23, 0xe6, 0x0,
    0x0, 0xa, 0xa0, 0x4, 0xad, 0xec, 0x9, 0xc4,
    0x8, 0xc1, 0xf2, 0x0, 0x8c, 0xf, 0x72, 0x6e,
    0xc0, 0x6e, 0xe8, 0x6c,

    /* U+0062 "b" */
    0xb9, 0x0, 0x0, 0xb, 0x90, 0x0, 0x0, 0xb9,
    0x0, 0x0, 0xb, 0x98, 0xed, 0x70, 0xbf, 0x72,
    0x6f, 0x5b, 0x90, 0x0, 0x9b, 0xb9, 0x0, 0x6,
    0xeb, 0x90, 0x0, 0x7d, 0xb9, 0x0, 0xb, 0xab,
    0xe5, 0x28, 0xf2, 0xb7, 0xae, 0xc4, 0x0,

    /* U+0063 "c" */
    0x0, 0x6d, 0xfb, 0x20, 0x7f, 0x62, 0x73, 0xf,
    0x60, 0x0, 0x2, 0xf1, 0x0, 0x0, 0x3f, 0x10,
    0x0, 0x0, 0xf6, 0x0, 0x0, 0x8, 0xe5, 0x26,
    0x60, 0x7, 0xdf, 0xb3,

    /* U+0064 "d" */
    0x0, 0x0, 0x0, 0xe6, 0x0, 0x0, 0x0, 0xe6,
    0x0, 0x0, 0x0, 0xe6, 0x0, 0x7e, 0xe8, 0xe6,
    0x8, 0xe5, 0x28, 0xf6, 0xf, 0x60, 0x0, 0xe6,
    0x2f, 0x20, 0x0, 0xe6, 0x3f, 0x10, 0x0, 0xe6,
    0x1f, 0x50, 0x0, 0xe6, 0xa, 0xe4, 0x3a, 0xf6,
    0x0, 0x9e, 0xd6, 0xb6,

    /* U+0065 "e" */
    0x0, 0x7d, 0xea, 0x10, 0x7, 0xc3, 0x1a, 0xb0,
    0xf, 0x20, 0x2, 0xf0, 0x2f, 0xee, 0xee, 0xf2,
    0x2f, 0x10, 0x0, 0x0, 0xf, 0x60, 0x0, 0x0,
    0x7, 0xe5, 0x14, 0x50, 0x0, 0x6d, 0xfc, 0x50,

    /* U+0066 "f" */
    0x0, 0xbf, 0xb0, 0x6f, 0x21, 0x7, 0xc0, 0x8,
    0xff, 0xf5, 0x8, 0xc0, 0x0, 0x7c, 0x0, 0x7,
    0xc0, 0x0, 0x7c, 0x0, 0x7, 0xc0, 0x0, 0x7c,
    0x0, 0x7, 0xc0, 0x0,

    /* U+0067 "g" */
    0x1, 0xad, 0xff, 0xf8, 0xb, 0x90, 0xe, 0x50,
    0xe, 0x50, 0xa, 0x90, 0xa, 0xb1, 0x3f, 0x50,
    0x3, 0xed, 0xd7, 0x0, 0xb, 0x60, 0x0, 0x0,
    0xc, 0x91, 0x10, 0x0, 0x6, 0xff, 0xff, 0xd3,
    0x1e, 0x10, 0x1, 0xca, 0x2f, 0x30, 0x4, 0xe5,
    0x6, 0xdf, 0xeb, 0x50,

    /* U+0068 "h" */
    0xb9, 0x0, 0x0, 0xb, 0x90, 0x0, 0x0, 0xb9,
    0x0, 0x0, 0xb, 0x87, 0xde, 0x60, 0xbf, 0x93,
    0x8f, 0x1b, 0xa0, 0x0, 0xf4, 0xb9, 0x0, 0xe,
    0x5b, 0x90, 0x0, 0xe5, 0xb9, 0x0, 0xe, 0x5b,
    0x90, 0x0, 0xe5, 0xb9, 0x0, 0xe, 0x50,

    /* U+0069 "i" */
    0xb9, 0x75, 0x0, 0xb9, 0xb9, 0xb9, 0xb9, 0xb9,
    0xb9, 0xb9, 0xb9,

    /* U+006A "j" */
    0x0, 0xb9, 0x0, 0x75, 0x0, 0x0, 0x0, 0xb9,
    0x0, 0xb9, 0x0, 0xb9, 0x0, 0xb9, 0x0, 0xb9,
    0x0, 0xb9, 0x0, 0xb9, 0x0, 0xb9, 0x0, 0xb9,
    0x2, 0xe6, 0x7f, 0xb0,

    /* U+006B "k" */
    0xb8, 0x0, 0x0, 0xb, 0x80, 0x0, 0x0, 0xb8,
    0x0, 0x0, 0xb, 0x80, 0x8, 0xd0, 0xb8, 0x5,
    0xe2, 0xb, 0x82, 0xe4, 0x0, 0xb9, 0xce, 0x0,
    0xb, 0xfa, 0xd7, 0x0, 0xbd, 0x3, 0xf2, 0xb,
    0x80, 0xa, 0xb0, 0xb8, 0x0, 0x1f, 0x40,

    /* U+006C "l" */
    0xb9, 0xb, 0x90, 0xb9, 0xb, 0x90, 0xb9, 0xb,
    0x90, 0xb9, 0xb, 0x90, 0xb9, 0xa, 0xa0, 0x4e,
    0x40,

    /* U+006D "m" */
    0xb6, 0x7e, 0xc4, 0x1a, 0xeb, 0x1b, 0xe8, 0x3a,
    0xec, 0x53, 0xe8, 0xba, 0x0, 0x3f, 0x30, 0x9,
    0xbb, 0x90, 0x1, 0xf2, 0x0, 0x8c, 0xb9, 0x0,
    0x1f, 0x20, 0x7, 0xcb, 0x90, 0x1, 0xf2, 0x0,
    0x7c, 0xb9, 0x0, 0x1f, 0x20, 0x7, 0xcb, 0x90,
    0x1, 0xf2, 0x0, 0x7c,

    /* U+006E "n" */
    0xb6, 0x7d, 0xe6, 0xb, 0xe9, 0x38, 0xf1, 0xba,
    0x0, 0xf, 0x4b, 0x90, 0x0, 0xe5, 0xb9, 0x0,
    0xe, 0x5b, 0x90, 0x0, 0xe5, 0xb9, 0x0, 0xe,
    0x5b, 0x90, 0x0, 0xe5,

    /* U+006F "o" */
    0x0, 0x7d, 0xeb, 0x20, 0x7, 0xe5, 0x2a, 0xe0,
    0xf, 0x50, 0x0, 0xd7, 0x2f, 0x10, 0x0, 0x9a,
    0x2f, 0x10, 0x0, 0x9a, 0xf, 0x50, 0x0, 0xd7,
    0x7, 0xe4, 0x29, 0xe1, 0x0, 0x7d, 0xfb, 0x20,

    /* U+0070 "p" */
    0xb7, 0x8e, 0xd7, 0xb, 0xf7, 0x26, 0xf5, 0xb9,
    0x0, 0x9, 0xbb, 0x90, 0x0, 0x6e, 0xb9, 0x0,
    0x7, 0xdb, 0x90, 0x0, 0xba, 0xbe, 0x52, 0x8f,
    0x2b, 0xaa, 0xfc, 0x40, 0xb9, 0x0, 0x0, 0xb,
    0x90, 0x0, 0x0, 0xb9, 0x0, 0x0, 0x0,

    /* U+0071 "q" */
    0x0, 0x7e, 0xea, 0xc6, 0x8, 0xd2, 0x5, 0xf6,
    0xf, 0x50, 0x0, 0xe6, 0x2f, 0x10, 0x0, 0xe6,
    0x3f, 0x20, 0x0, 0xe6, 0x1f, 0x50, 0x0, 0xe6,
    0xa, 0xe4, 0x3a, 0xf6, 0x0, 0x9e, 0xd6, 0xd6,
    0x0, 0x0, 0x0, 0xe6, 0x0, 0x0, 0x0, 0xe6,
    0x0, 0x0, 0x0, 0xe6,

    /* U+0072 "r" */
    0xb6, 0x7e, 0x5b, 0xda, 0x31, 0xbd, 0x0, 0xb,
    0x90, 0x0, 0xb9, 0x0, 0xb, 0x90, 0x0, 0xb9,
    0x0, 0xb, 0x90, 0x0,

    /* U+0073 "s" */
    0x4, 0xdf, 0xc4, 0x0, 0xf7, 0x14, 0x50, 0xf,
    0x50, 0x0, 0x0, 0x7f, 0xa2, 0x0, 0x0, 0x18,
    0xf8, 0x0, 0x0, 0x5, 0xf0, 0x3a, 0x21, 0x9d,
    0x0, 0x8d, 0xfc, 0x20,

    /* U+0074 "t" */
    0x5, 0xc0, 0x0, 0x6, 0xc0, 0x0, 0x9f, 0xff,
    0xd0, 0x8, 0xc0, 0x0, 0x7, 0xc0, 0x0, 0x7,
    0xc0, 0x0, 0x7, 0xc0, 0x0, 0x7, 0xd0, 0x0,
    0x5, 0xf4, 0x20, 0x0, 0xaf, 0xd0,

    /* U+0075 "u" */
    0xd7, 0x0, 0xf, 0x3d, 0x70, 0x0, 0xf3, 0xd7,
    0x0, 0xf, 0x3d, 0x70, 0x0, 0xf3, 0xd7, 0x0,
    0xf, 0x3c, 0x80, 0x2, 0xf3, 0x9e, 0x35, 0xcf,
    0x31, 0xbf, 0xb2, 0xe3,

    /* U+0076 "v" */
    0xaa, 0x0, 0x4, 0xe0, 0x4f, 0x0, 0x9, 0x90,
    0xe, 0x40, 0xe, 0x40, 0x9, 0x90, 0x4e, 0x0,
    0x4, 0xe0, 0x99, 0x0, 0x0, 0xe3, 0xe4, 0x0,
    0x0, 0x9b, 0xe0, 0x0, 0x0, 0x3f, 0x90, 0x0,

    /* U+0077 "w" */
    0x7c, 0x0, 0x1f, 0x60, 0x7, 0xb3, 0xf0, 0x5,
    0xea, 0x0, 0xb7, 0xf, 0x40, 0x96, 0xe0, 0xf,
    0x30, 0xb8, 0xd, 0x1e, 0x23, 0xf0, 0x7, 0xc2,
    0xd0, 0xa6, 0x7b, 0x0, 0x2f, 0x69, 0x6, 0xaa,
    0x70, 0x0, 0xec, 0x50, 0x2e, 0xd3, 0x0, 0xa,
    0xf1, 0x0, 0xee, 0x0,

    /* U+0078 "x" */
    0x4f, 0x10, 0x1f, 0x40, 0xba, 0x9, 0xa0, 0x1,
    0xf5, 0xf2, 0x0, 0x7, 0xf8, 0x0, 0x0, 0xae,
    0x90, 0x0, 0x4e, 0x2f, 0x30, 0xd, 0x50, 0x8d,
    0x7, 0xd0, 0x0, 0xe7,

    /* U+0079 "y" */
    0x9b, 0x0, 0x4, 0xe0, 0x3f, 0x10, 0x9, 0x90,
    0xd, 0x60, 0xe, 0x30, 0x6, 0xc0, 0x4e, 0x0,
    0x1, 0xf2, 0x98, 0x0, 0x0, 0xa7, 0xd3, 0x0,
    0x0, 0x3e, 0xd0, 0x0, 0x0, 0xd, 0x80, 0x0,
    0x0, 0x1f, 0x20, 0x0, 0x2, 0xb9, 0x0, 0x0,
    0x5f, 0xb1, 0x0, 0x0,

    /* U+007A "z" */
    0x1f, 0xff, 0xff, 0x10, 0x0, 0x1c, 0x90, 0x0,
    0x6, 0xe1, 0x0, 0x1, 0xf5, 0x0, 0x0, 0xba,
    0x0, 0x0, 0x5e, 0x10, 0x0, 0x1e, 0x60, 0x0,
    0x7, 0xff, 0xff, 0xf3,

    /* U+007B "{" */
    0x0, 0xbd, 0x30, 0x3e, 0x0, 0x3, 0xc0, 0x0,
    0x3d, 0x0, 0x2, 0xd0, 0x0, 0x5c, 0x0, 0x6f,
    0x30, 0x0, 0x6b, 0x0, 0x2, 0xd0, 0x0, 0x2d,
    0x0, 0x3, 0xc0, 0x0, 0x4c, 0x0, 0x2, 0xf1,
    0x0, 0x9, 0xd2,

    /* U+007C "|" */
    0x85, 0x85, 0x85, 0x85, 0x85, 0x85, 0x85, 0x85,
    0x85, 0x85, 0x85, 0x85, 0x85, 0x85, 0x85, 0x85,

    /* U+007D "}" */
    0x6e, 0x70, 0x0, 0x3f, 0x0, 0x0, 0xf0, 0x0,
    0x1f, 0x0, 0x1, 0xe0, 0x0, 0xf, 0x20, 0x0,
    0x7f, 0x20, 0xf, 0x20, 0x1, 0xe0, 0x0, 0x1e,
    0x0, 0x1, 0xf0, 0x0, 0x1f, 0x0, 0x4, 0xe0,
    0x6, 0xd5, 0x0,

    /* U+007E "~" */
    0xa, 0xea, 0x51, 0x60, 0x15, 0x16, 0xbe, 0x80,

    /* U+4E0A "上" */
    0x0, 0x0, 0x0, 0xe2, 0x0, 0x0, 0x0, 0x0,
    0x0, 0x0, 0xe2, 0x0, 0x0, 0x0, 0x0, 0x0,
    0x0, 0xe2, 0x0, 0x0, 0x0, 0x0, 0x0, 0x0,
    0xe2, 0x0, 0x0, 0x0, 0x0, 0x0, 0x0, 0xe3,
    0x11, 0x11, 0x0, 0x0, 0x0, 0x0, 0xef, 0xff,
    0xff, 0x50, 0x0, 0x0, 0x0, 0xe2, 0x0, 0x0,
    0x0, 0x0, 0x0, 0x0, 0xe2, 0x0, 0x0, 0x0,
    0x0, 0x0, 0x0, 0xe2, 0x0, 0x0, 0x0, 0x0,
    0x0, 0x0, 0xe2, 0x0, 0x0, 0x0, 0x0, 0x0,
    0x0, 0xe2, 0x0, 0x0, 0x0, 0x1d, 0xdd, 0xdd,
    0xfd, 0xdd, 0xdd, 0xd6, 0x3, 0x33, 0x33, 0x33,
    0x33, 0x33, 0x31,

    /* U+4E0B "下" */
    0x3e, 0xee, 0xee, 0xee, 0xee, 0xee, 0xe3, 0x1,
    0x11, 0x11, 0xd5, 0x11, 0x11, 0x10, 0x0, 0x0,
    0x0, 0xd4, 0x0, 0x0, 0x0, 0x0, 0x0, 0x0,
    0xd9, 0x10, 0x0, 0x0, 0x0, 0x0, 0x0, 0xdc,
    0xe7, 0x0, 0x0, 0x0, 0x0, 0x0, 0xd4, 0x3c,
    0xe4, 0x0, 0x0, 0x0, 0x0, 0xd4, 0x0, 0x7f,
    0x30, 0x0, 0x0, 0x0, 0xd4, 0x0, 0x2, 0x0,
    0x0, 0x0, 0x0, 0xd4, 0x0, 0x0, 0x0, 0x0,
    0x0, 0x0, 0xd4, 0x0, 0x0, 0x0, 0x0, 0x0,
    0x0, 0xd4, 0x0, 0x0, 0x0, 0x0, 0x0, 0x0,
    0xd4, 0x0, 0x0, 0x0,

    /* U+4E0D "不" */
    0xf, 0xff, 0xff, 0xff, 0xff, 0xff, 0xf0, 0x1,
    0x11, 0x11, 0x3f, 0x51, 0x11, 0x10, 0x0, 0x0,
    0x0, 0xbb, 0x0, 0x0, 0x0, 0x0, 0x0, 0x8,
    0xf8, 0x40, 0x0, 0x0, 0x0, 0x0, 0x7e, 0xb9,
    0xad, 0x30, 0x0, 0x0, 0xa, 0xd2, 0x98, 0x6,
    0xf7, 0x0, 0x3, 0xdc, 0x10, 0x98, 0x0, 0x3e,
    0xa0, 0x2f, 0x70, 0x0, 0x98, 0x0, 0x1, 0xc2,
    0x0, 0x0, 0x0, 0x98, 0x0, 0x0, 0x0, 0x0,
    0x0, 0x0, 0x98, 0x0, 0x0, 0x0, 0x0, 0x0,
    0x0, 0x98, 0x0, 0x0, 0x0, 0x0, 0x0, 0x0,
    0x98, 0x0, 0x0, 0x0,

    /* U+4E50 "乐" */
    0x0, 0x0, 0x0, 0x1, 0x35, 0x8a, 0x0, 0x0,
    0x7e, 0xff, 0xed, 0xca, 0x85, 0x10, 0x0, 0x98,
    0x0, 0x0, 0x0, 0x0, 0x0, 0x0, 0xb5, 0x0,
    0x2e, 0x0, 0x0, 0x0, 0x0, 0xd3, 0x0, 0x2e,
    0x0, 0x0, 0x0, 0x1, 0xf2, 0x11, 0x3e, 0x11,
    0x11, 0x10, 0x4, 0xff, 0xff, 0xff, 0xff, 0xff,
    0xf0, 0x0, 0x0, 0x0, 0x2e, 0x0, 0x0, 0x0,
    0x0, 0xb, 0x20, 0x2e, 0x0, 0xa1, 0x0, 0x0,
    0x8b, 0x0, 0x2e, 0x0, 0x6d, 0x10, 0x6, 0xe1,
    0x0, 0x2e, 0x0, 0x9, 0xb0, 0x1e, 0x20, 0x0,
    0x3e, 0x0, 0x0, 0xd4, 0x0, 0x0, 0x3f, 0xf9,
    0x0, 0x0, 0x0,

    /* U+4EC5 "仅" */
    0x0, 0x0, 0x51, 0x0, 0x0, 0x0, 0x0, 0x0,
    0x3, 0xf1, 0x0, 0x0, 0x0, 0x0, 0x0, 0xb,
    0x8a, 0xff, 0xff, 0xff, 0xd0, 0x0, 0x4f, 0x10,
    0xe0, 0x0, 0x6, 0xa0, 0x2, 0xed, 0x0, 0xb4,
    0x0, 0xb, 0x60, 0xd, 0xdd, 0x0, 0x69, 0x0,
    0x1f, 0x10, 0x3c, 0x3d, 0x0, 0x1e, 0x10, 0x7a,
    0x0, 0x0, 0x2d, 0x0, 0x8, 0x92, 0xe1, 0x0,
    0x0, 0x2d, 0x0, 0x0, 0xec, 0x70, 0x0, 0x0,
    0x2d, 0x0, 0x0, 0xbf, 0x10, 0x0, 0x0, 0x2d,
    0x0, 0xb, 0xc8, 0xe2, 0x0, 0x0, 0x2d, 0x6,
    0xda, 0x0, 0x6e, 0x81, 0x0, 0x2d, 0x5c, 0x30,
    0x0, 0x2, 0xa7, 0x0, 0x0, 0x0, 0x0, 0x0,
    0x0, 0x0,

    /* U+4F30 "估" */
    0x0, 0xb, 0x20, 0x0, 0xf1, 0x0, 0x0, 0x0,
    0x4e, 0x0, 0x0, 0xf1, 0x0, 0x0, 0x0, 0xb7,
    0x0, 0x0, 0xf1, 0x0, 0x0, 0x4, 0xf2, 0xce,
    0xee, 0xfe, 0xee, 0xe1, 0x1e, 0xf1, 0x11, 0x11,
    0xf3, 0x11, 0x10, 0xbb, 0xe1, 0x0, 0x0, 0xf1,
    0x0, 0x0, 0x51, 0xe1, 0x0, 0x0, 0xf1, 0x0,
    0x0, 0x0, 0xe1, 0xe, 0xee, 0xff, 0xee, 0x30,
    0x0, 0xe1, 0xf, 0x0, 0x0, 0xd, 0x30, 0x0,
    0xe1, 0xf, 0x0, 0x0, 0xd, 0x30, 0x0, 0xe1,
    0xf, 0x0, 0x0, 0xd, 0x30, 0x0, 0xe1, 0xf,
    0x44, 0x44, 0x4e, 0x30, 0x0, 0xe1, 0xf, 0xbb,
    0xbb, 0xbe, 0x30, 0x0, 0x0, 0x0, 0x0, 0x0,
    0x0, 0x0,

    /* U+4F34 "伴" */
    0x0, 0x0, 0x0, 0x0, 0x0, 0x0, 0x0, 0x0,
    0x7, 0xa2, 0x0, 0xc4, 0x2, 0x20, 0x0, 0xe,
    0x3d, 0x30, 0xc4, 0x9, 0x80, 0x0, 0x8b, 0x7,
    0xa0, 0xc4, 0xe, 0x10, 0x2, 0xf4, 0x1, 0xf0,
    0xc4, 0x6a, 0x0, 0xc, 0xf3, 0x0, 0x51, 0xc5,
    0x32, 0x0, 0xad, 0xd3, 0x3e, 0xee, 0xff, 0xee,
    0xd0, 0x72, 0xc3, 0x0, 0x0, 0xc4, 0x0, 0x0,
    0x0, 0xc3, 0x0, 0x0, 0xc4, 0x0, 0x0, 0x0,
    0xc3, 0xde, 0xee, 0xff, 0xee, 0xe7, 0x0, 0xc3,
    0x0, 0x0, 0xc5, 0x0, 0x0, 0x0, 0xc3, 0x0,
    0x0, 0xc4, 0x0, 0x0, 0x0, 0xc3, 0x0, 0x0,
    0xc4, 0x0, 0x0, 0x0, 0xc3, 0x0, 0x0, 0xc4,
    0x0, 0x0,

    /* U+4F4E "低" */
    0x0, 0x4, 0x10, 0x0, 0x0, 0x26, 0x0, 0x0,
    0xe, 0x21, 0x47, 0xae, 0xe9, 0x20, 0x0, 0x7b,
    0xf, 0xa7, 0x5f, 0x0, 0x0, 0x0, 0xe4, 0xf,
    0x0, 0xf, 0x0, 0x0, 0x9, 0xf1, 0xf, 0x0,
    0xe, 0x10, 0x0, 0x5f, 0xe1, 0xf, 0x32, 0x2e,
    0x42, 0x20, 0xb4, 0xd1, 0xf, 0xdd, 0xdf, 0xed,
    0xd1, 0x0, 0xd1, 0xf, 0x0, 0xa, 0x50, 0x0,
    0x0, 0xd1, 0xf, 0x0, 0x7, 0x80, 0x0, 0x0,
    0xd1, 0xf, 0x0, 0x4, 0xc0, 0x0, 0x0, 0xd1,
    0xf, 0x0, 0xc1, 0xf1, 0x83, 0x0, 0xd1, 0xf,
    0x7b, 0x77, 0x9b, 0xd1, 0x0, 0xd1, 0x5d, 0x73,
    0x18, 0x1a, 0x90, 0x0, 0x0, 0x0, 0x0, 0x0,
    0x0, 0x0,

    /* U+4F4F "住" */
    0x0, 0x0, 0x90, 0x0, 0xa1, 0x0, 0x0, 0x0,
    0x6, 0xc0, 0x0, 0x99, 0x0, 0x0, 0x0, 0xd,
    0x50, 0x0, 0x2a, 0x0, 0x0, 0x0, 0x7d, 0xf,
    0xff, 0xff, 0xff, 0xf7, 0x3, 0xfc, 0x0, 0x0,
    0x4b, 0x0, 0x0, 0x1e, 0xcc, 0x0, 0x0, 0x4b,
    0x0, 0x0, 0x8, 0x4c, 0x0, 0x0, 0x4b, 0x0,
    0x0, 0x0, 0x4c, 0x8, 0xee, 0xff, 0xee, 0xe1,
    0x0, 0x4c, 0x0, 0x0, 0x5b, 0x0, 0x0, 0x0,
    0x4c, 0x0, 0x0, 0x4b, 0x0, 0x0, 0x0, 0x4c,
    0x0, 0x0, 0x4b, 0x0, 0x0, 0x0, 0x4c, 0x2,
    0x22, 0x6c, 0x22, 0x21, 0x0, 0x4c, 0x5d, 0xdd,
    0xdd, 0xdd, 0xd9,

    /* U+4F9B "供" */
    0x0, 0x0, 0x0, 0x0, 0x0, 0x0, 0x0, 0x0,
    0xc, 0x40, 0xc3, 0x0, 0xf0, 0x0, 0x0, 0x3e,
    0x0, 0xc3, 0x0, 0xf0, 0x0, 0x0, 0xa7, 0x0,
    0xc3, 0x0, 0xf0, 0x0, 0x2, 0xf2, 0x8f, 0xff,
    0xff, 0xff, 0xf0, 0xc, 0xf1, 0x0, 0xc4, 0x1,
    0xf1, 0x0, 0x8c, 0xf1, 0x0, 0xc3, 0x0, 0xf0,
    0x0, 0x82, 0xe1, 0x0, 0xc3, 0x0, 0xf0, 0x0,
    0x0, 0xe1, 0x11, 0xc4, 0x11, 0xf1, 0x10, 0x0,
    0xe1, 0xde, 0xee, 0xee, 0xee, 0xe2, 0x0, 0xe1,
    0x0, 0x20, 0x0, 0x10, 0x0, 0x0, 0xe1, 0x2,
    0xe2, 0x1, 0xd5, 0x0, 0x0, 0xe1, 0x2d, 0x50,
    0x0, 0x2e, 0x40, 0x0, 0xe1, 0xa5, 0x0, 0x0,
    0x4, 0xb0, 0x0, 0x0, 0x0, 0x0, 0x0, 0x0,
    0x0,

    /* U+5019 "候" */
    0x0, 0x7, 0x0, 0x0, 0x0, 0x0, 0x0, 0x0,
    0x3c, 0x0, 0x9e, 0xee, 0xef, 0x0, 0x0, 0xa6,
    0x0, 0x0, 0x0, 0x2c, 0x0, 0x1, 0xf1, 0xe5,
    0xbb, 0xbb, 0xce, 0xb2, 0xa, 0xf0, 0xe1, 0x3c,
    0x42, 0x22, 0x20, 0x4e, 0xf0, 0xe0, 0x4f, 0x66,
    0x66, 0x50, 0x34, 0xf0, 0xe0, 0xc9, 0x7f, 0x77,
    0x60, 0x0, 0xf0, 0xe4, 0xa0, 0xf, 0x0, 0x0,
    0x0, 0xf0, 0xe4, 0xaa, 0xaf, 0xaa, 0xa2, 0x0,
    0xf0, 0xe1, 0x33, 0x7f, 0x73, 0x30, 0x0, 0xf0,
    0x20, 0x1, 0xd8, 0xd1, 0x0, 0x0, 0xf0, 0x0,
    0x5e, 0x70, 0x6e, 0x50, 0x0, 0xf0, 0x8, 0xb3,
    0x0, 0x4, 0xb2,

    /* U+503E "倾" */
    0x0, 0x28, 0x0, 0x0, 0x0, 0x0, 0x0, 0x0,
    0x97, 0x40, 0xe, 0xef, 0xfe, 0xe5, 0x0, 0xe2,
    0xd0, 0x0, 0x6, 0x90, 0x0, 0x5, 0xf0, 0xd0,
    0x4, 0xbe, 0xcb, 0x80, 0xe, 0xf0, 0xdc, 0xa6,
    0x93, 0x35, 0xb0, 0x8a, 0xf0, 0xd2, 0x16, 0x85,
    0x83, 0xb0, 0x51, 0xf0, 0xd0, 0x6, 0x85, 0x83,
    0xb0, 0x0, 0xf0, 0xd0, 0x6, 0x85, 0x83, 0xb0,
    0x0, 0xf0, 0xd2, 0x66, 0x86, 0x73, 0xb0, 0x0,
    0xf0, 0xfe, 0x56, 0x89, 0x53, 0xb0, 0x0, 0xf0,
    0x80, 0x0, 0x2e, 0x63, 0x0, 0x0, 0xf0, 0x0,
    0x3, 0xd4, 0x2d, 0x70, 0x0, 0xf0, 0x0, 0x5c,
    0x40, 0x0, 0xa3, 0x0, 0x0, 0x0, 0x0, 0x0,
    0x0, 0x0,

    /* U+504F "偏" */
    0x0, 0x2, 0x40, 0x0, 0x60, 0x0, 0x0, 0x0,
    0xa8, 0x0, 0xd, 0x40, 0x0, 0x0, 0x3e, 0xf,
    0xdd, 0xdd, 0xde, 0xc0, 0xc, 0x60, 0xf0, 0x0,
    0x0, 0x3c, 0x9, 0xf3, 0xf, 0x99, 0x99, 0x9b,
    0xc7, 0xed, 0x30, 0xf3, 0x33, 0x33, 0x32, 0x63,
    0xc3, 0xe, 0xcd, 0xed, 0xed, 0xe0, 0xc, 0x31,
    0xdc, 0xb, 0xb, 0xd, 0x0, 0xc3, 0x3c, 0xc0,
    0xb0, 0xb0, 0xd0, 0xc, 0x35, 0xad, 0xdf, 0xdf,
    0xdf, 0x0, 0xc3, 0x97, 0xc0, 0xb0, 0xb0, 0xd0,
    0xc, 0x3e, 0x3c, 0xb, 0xb, 0xd, 0x0, 0xc4,
    0xa0, 0xb0, 0x70, 0x7b, 0xa0,

    /* U+51FA "出" */
    0x0, 0x0, 0x3, 0xe0, 0x0, 0x0, 0x7, 0x40,
    0x3, 0xe0, 0x0, 0xa2, 0xa, 0x60, 0x3, 0xe0,
    0x0, 0xe2, 0xa, 0x60, 0x3, 0xe0, 0x0, 0xe2,
    0xa, 0x60, 0x3, 0xe0, 0x0, 0xe2, 0xa, 0xfe,
    0xee, 0xfe, 0xee, 0xf2, 0x1, 0x11, 0x15, 0xe1,
    0x11, 0x10, 0x4b, 0x0, 0x3, 0xe0, 0x0, 0x5a,
    0x5d, 0x0, 0x3, 0xe0, 0x0, 0x5b, 0x5d, 0x0,
    0x3, 0xe0, 0x0, 0x5b, 0x5d, 0x0, 0x3, 0xe0,
    0x0, 0x5b, 0x5f, 0xff, 0xff, 0xff, 0xff, 0xfb,
    0x1, 0x11, 0x11, 0x11, 0x11, 0x6b,

    /* U+5207 "切" */
    0x0, 0xe1, 0x3, 0xbb, 0xbb, 0xbb, 0xb0, 0x0,
    0xe1, 0x1, 0x44, 0xf4, 0x45, 0xf0, 0x0, 0xe4,
    0x68, 0x0, 0xf0, 0x1, 0xf0, 0x6c, 0xfd, 0x95,
    0x1, 0xe0, 0x2, 0xe0, 0x43, 0xe1, 0x0, 0x2,
    0xd0, 0x2, 0xe0, 0x0, 0xe1, 0x0, 0x5, 0xb0,
    0x3, 0xd0, 0x0, 0xe1, 0x0, 0x8, 0x80, 0x4,
    0xc0, 0x0, 0xe1, 0x5b, 0xc, 0x50, 0x5, 0xc0,
    0x1, 0xfe, 0xb4, 0x4e, 0x0, 0x6, 0xa0, 0x5,
    0xb3, 0x0, 0xc7, 0x0, 0x8, 0x90, 0x0, 0x0,
    0xa, 0xc0, 0x0, 0x1d, 0x60, 0x0, 0x0, 0x7c,
    0x10, 0x2f, 0xfc, 0x0, 0x0, 0x0, 0x0, 0x0,
    0x0, 0x0, 0x0,

    /* U+5224 "判" */
    0x1, 0x0, 0xf0, 0x1, 0x0, 0x1, 0xe0, 0xc4,
    0xf, 0x4, 0xc0, 0x0, 0x1e, 0x4, 0xc1, 0xf0,
    0xb5, 0x1e, 0x1, 0xe0, 0xd, 0x3f, 0x3d, 0x1,
    0xe0, 0x1e, 0x7, 0x98, 0xf8, 0xa5, 0x1e, 0x1,
    0xe0, 0x67, 0x8f, 0x77, 0x41, 0xe0, 0x1e, 0x0,
    0x1, 0xf0, 0x0, 0x1e, 0x1, 0xe0, 0x22, 0x4e,
    0x22, 0x21, 0xe0, 0x1e, 0x4d, 0xde, 0xfd, 0xdc,
    0x1e, 0x1, 0xe0, 0x0, 0xa7, 0x0, 0x1, 0xa0,
    0x1e, 0x0, 0x2f, 0x10, 0x0, 0x0, 0x1, 0xe0,
    0x1d, 0x80, 0x0, 0x0, 0x0, 0x3e, 0xa, 0x80,
    0x0, 0x0, 0x8, 0xfe, 0x80, 0x0, 0x0, 0x0,
    0x0, 0x0, 0x0,

    /* U+5339 "匹" */
    0xef, 0xff, 0xff, 0xff, 0xff, 0xfb, 0xe2, 0x1,
    0xf0, 0xd, 0x20, 0x0, 0xe2, 0x1, 0xe0, 0xd,
    0x20, 0x0, 0xe2, 0x2, 0xd0, 0xd, 0x20, 0x0,
    0xe2, 0x4, 0xb0, 0xd, 0x20, 0x0, 0xe2, 0x7,
    0x90, 0xd, 0x20, 0x13, 0xe2, 0xd, 0x40, 0xd,
    0x20, 0x3b, 0xe2, 0x6d, 0x0, 0xd, 0x74, 0x89,
    0xe4, 0xd2, 0x0, 0x5, 0xbb, 0xa2, 0xe2, 0x0,
    0x0, 0x0, 0x0, 0x0, 0xef, 0xff, 0xff, 0xff,
    0xff, 0xfe, 0x0, 0x0, 0x0, 0x0, 0x0, 0x0,

    /* U+5355 "单" */
    0x0, 0x1, 0x30, 0x0, 0x0, 0x50, 0x0, 0x0,
    0x2, 0xe2, 0x0, 0x8, 0xc0, 0x0, 0x0, 0x11,
    0x8a, 0x11, 0x3f, 0x41, 0x0, 0x0, 0xcd, 0xcc,
    0xde, 0xcc, 0xcf, 0x30, 0x0, 0xc4, 0x0, 0x6a,
    0x0, 0xd, 0x30, 0x0, 0xcd, 0xdd, 0xef, 0xdd,
    0xdf, 0x30, 0x0, 0xc4, 0x0, 0x6a, 0x0, 0xd,
    0x30, 0x0, 0xcd, 0xdd, 0xef, 0xdd, 0xdf, 0x30,
    0x0, 0x1, 0x11, 0x7b, 0x11, 0x11, 0x0, 0x2,
    0x22, 0x22, 0x7b, 0x22, 0x22, 0x21, 0x1c, 0xcc,
    0xcc, 0xef, 0xcc, 0xcc, 0xc5, 0x0, 0x0, 0x0,
    0x6a, 0x0, 0x0, 0x0, 0x0, 0x0, 0x0, 0x6a,
    0x0, 0x0, 0x0,

    /* U+53C2 "参" */
    0x0, 0x0, 0x0, 0x0, 0x0, 0x0, 0x0, 0x0,
    0x0, 0x7, 0xb0, 0x24, 0x0, 0x0, 0x0, 0x1,
    0xaa, 0x10, 0x2d, 0x90, 0x0, 0x0, 0x5f, 0xea,
    0xbb, 0xcd, 0xfc, 0x10, 0x0, 0x36, 0x47, 0xe2,
    0x10, 0xa, 0x60, 0x0, 0x0, 0xa, 0x90, 0x0,
    0x0, 0x0, 0x1e, 0xee, 0xff, 0xee, 0xff, 0xee,
    0xe7, 0x0, 0x3, 0xe4, 0x3, 0x2b, 0x80, 0x0,
    0x0, 0x5f, 0x54, 0xbb, 0x20, 0xca, 0x10, 0xc,
    0xd4, 0xc9, 0x30, 0x67, 0x8, 0xf5, 0x4, 0x0,
    0x4, 0x8d, 0x91, 0x10, 0x21, 0x0, 0x2, 0xea,
    0x51, 0x5, 0xe5, 0x0, 0x0, 0x0, 0x0, 0x38,
    0xdb, 0x30, 0x0, 0x0, 0x1a, 0xce, 0xb7, 0x20,
    0x0, 0x0, 0x0, 0x4, 0x20, 0x0, 0x0, 0x0,
    0x0,

    /* U+53D6 "取" */
    0x7f, 0xff, 0xff, 0xd0, 0x0, 0x0, 0x0, 0x8,
    0x70, 0x2d, 0xf, 0xff, 0xff, 0xc0, 0x8, 0x70,
    0x2d, 0x3, 0xb0, 0x5, 0x80, 0x8, 0xfe, 0xed,
    0x0, 0xe0, 0x9, 0x50, 0x8, 0x70, 0x2d, 0x0,
    0xd1, 0xd, 0x20, 0x8, 0x70, 0x2d, 0x0, 0x96,
    0x2d, 0x0, 0x8, 0xfe, 0xed, 0x0, 0x3c, 0x97,
    0x0, 0x8, 0x70, 0x2d, 0x0, 0xd, 0xe1, 0x0,
    0x8, 0x82, 0x6e, 0xa0, 0xb, 0xc0, 0x0, 0x6e,
    0xeb, 0xae, 0x30, 0x6d, 0xc7, 0x0, 0x11, 0x0,
    0x2d, 0x7, 0xe2, 0x1e, 0x80, 0x0, 0x0, 0x2d,
    0x2c, 0x10, 0x1, 0xb2, 0x0, 0x0, 0x0, 0x0,
    0x0, 0x0, 0x0,

    /* U+53EF "可" */
    0x3f, 0xff, 0xff, 0xff, 0xff, 0xff, 0xf4, 0x1,
    0x11, 0x11, 0x11, 0x11, 0x99, 0x10, 0x0, 0x0,
    0x0, 0x0, 0x0, 0x88, 0x0, 0x0, 0xbd, 0xdd,
    0xdd, 0x0, 0x88, 0x0, 0x0, 0xc5, 0x11, 0x3f,
    0x0, 0x88, 0x0, 0x0, 0xc3, 0x0, 0x1f, 0x0,
    0x88, 0x0, 0x0, 0xc3, 0x0, 0x1f, 0x0, 0x88,
    0x0, 0x0, 0xc6, 0x33, 0x4f, 0x0, 0x88, 0x0,
    0x0, 0xcd, 0xcc, 0xcc, 0x0, 0x88, 0x0, 0x0,
    0x61, 0x0, 0x0, 0x0, 0x88, 0x0, 0x0, 0x0,
    0x0, 0x1, 0x11, 0xa8, 0x0, 0x0, 0x0, 0x0,
    0x5, 0xff, 0xd3, 0x0,

    /* U+5408 "合" */
    0x0, 0x0, 0x0, 0x7, 0x0, 0x0, 0x0, 0x0,
    0x0, 0x0, 0xbe, 0x0, 0x0, 0x0, 0x0, 0x0,
    0xa, 0xb9, 0xd2, 0x0, 0x0, 0x0, 0x2, 0xc9,
    0x0, 0x8e, 0x40, 0x0, 0x0, 0x7f, 0x80, 0x0,
    0x5, 0xfb, 0x30, 0x1e, 0xb9, 0xee, 0xee, 0xee,
    0x78, 0xf2, 0x1, 0x0, 0x0, 0x0, 0x0, 0x0,
    0x0, 0x0, 0x1b, 0xbb, 0xbb, 0xbb, 0xb3, 0x0,
    0x0, 0x2f, 0x33, 0x33, 0x33, 0xd5, 0x0, 0x0,
    0x2e, 0x0, 0x0, 0x0, 0xc5, 0x0, 0x0, 0x2e,
    0x0, 0x0, 0x0, 0xc5, 0x0, 0x0, 0x2f, 0xee,
    0xee, 0xee, 0xf5, 0x0, 0x0, 0x2e, 0x11, 0x11,
    0x11, 0xc4, 0x0,

    /* U+540C "同" */
    0xef, 0xff, 0xff, 0xff, 0xff, 0xfd, 0xe1, 0x0,
    0x0, 0x0, 0x0, 0x2d, 0xe1, 0xbc, 0xcc, 0xcc,
    0xc2, 0x2d, 0xe1, 0x11, 0x11, 0x11, 0x10, 0x2d,
    0xe1, 0x0, 0x0, 0x0, 0x0, 0x2d, 0xe1, 0x2f,
    0xee, 0xef, 0x70, 0x2d, 0xe1, 0x2c, 0x0, 0x8,
    0x70, 0x2d, 0xe1, 0x2c, 0x0, 0x8, 0x70, 0x2d,
    0xe1, 0x2f, 0xdd, 0xde, 0x70, 0x2d, 0xe1, 0x2c,
    0x0, 0x0, 0x0, 0x2d, 0xe1, 0x15, 0x0, 0x0,
    0x0, 0x4d, 0xe1, 0x0, 0x0, 0x0, 0xaf, 0xe7,

    /* U+540E "后" */
    0x0, 0x0, 0x0, 0x2, 0x46, 0x99, 0x0, 0x0,
    0x9c, 0xde, 0xed, 0xb9, 0x63, 0x0, 0x0, 0xe5,
    0x10, 0x0, 0x0, 0x0, 0x0, 0x0, 0xe2, 0x0,
    0x0, 0x0, 0x0, 0x0, 0x0, 0xef, 0xff, 0xff,
    0xff, 0xff, 0xf5, 0x0, 0xe3, 0x0, 0x0, 0x0,
    0x0, 0x0, 0x0, 0xf1, 0x0, 0x0, 0x0, 0x0,
    0x0, 0x1, 0xf0, 0xce, 0xee, 0xee, 0xee, 0x20,
    0x2, 0xe0, 0xd3, 0x0, 0x0, 0xe, 0x20, 0x6,
    0xb0, 0xd3, 0x0, 0x0, 0xe, 0x20, 0xb, 0x70,
    0xd3, 0x0, 0x0, 0xe, 0x20, 0x3f, 0x10, 0xdd,
    0xcc, 0xcc, 0xcf, 0x20, 0x38, 0x0, 0xd5, 0x22,
    0x22, 0x2e, 0x20,

    /* U+542C "听" */
    0x0, 0x0, 0x0, 0x0, 0x1, 0x50, 0x3, 0x33,
    0x30, 0x3, 0x7b, 0xfc, 0x40, 0xec, 0xcf, 0x2,
    0xf8, 0x51, 0x0, 0xe, 0x11, 0xf0, 0x2e, 0x0,
    0x0, 0x0, 0xe1, 0x1f, 0x2, 0xf1, 0x11, 0x11,
    0xe, 0x11, 0xf0, 0x2f, 0xff, 0xff, 0xf7, 0xe1,
    0x1f, 0x3, 0xd0, 0xc, 0x40, 0xe, 0x11, 0xf0,
    0x5c, 0x0, 0xc4, 0x0, 0xe3, 0x3f, 0x6, 0xa0,
    0xc, 0x40, 0xe, 0xee, 0xd0, 0x98, 0x0, 0xc4,
    0x0, 0xe1, 0x0, 0xe, 0x30, 0xc, 0x40, 0x0,
    0x0, 0x7, 0xd0, 0x0, 0xc4, 0x0, 0x0, 0x0,
    0xa4, 0x0, 0xc, 0x40, 0x0,

    /* U+54FC "哼" */
    0x0, 0x0, 0x0, 0x5, 0x80, 0x0, 0xc, 0xcc,
    0xa5, 0x88, 0x9f, 0x88, 0x81, 0xf2, 0x3c, 0x46,
    0x66, 0x66, 0x66, 0x1e, 0x1, 0xc0, 0xab, 0xbb,
    0xbb, 0x10, 0xe0, 0x1c, 0xe, 0x10, 0x0, 0xd1,
    0xe, 0x1, 0xc0, 0xeb, 0xaa, 0xaf, 0x10, 0xe0,
    0x1c, 0x0, 0x0, 0x0, 0x0, 0xf, 0x2, 0xc2,
    0xee, 0xee, 0xee, 0x20, 0xfe, 0xec, 0x1, 0x11,
    0x6d, 0x40, 0xe, 0x0, 0x0, 0x0, 0x1f, 0x10,
    0x0, 0x20, 0x0, 0x0, 0x1, 0xe0, 0x0, 0x0,
    0x0, 0x0, 0x0, 0x1e, 0x0, 0x0, 0x0, 0x0,
    0x2, 0xde, 0xa0, 0x0, 0x0,

    /* U+5531 "唱" */
    0x33, 0x33, 0x1f, 0xdd, 0xdd, 0xf2, 0xea, 0xae,
    0x1e, 0x0, 0x0, 0xd2, 0xe1, 0x1e, 0x1f, 0xcc,
    0xcc, 0xf2, 0xe1, 0x1e, 0x1e, 0x0, 0x0, 0xd2,
    0xe1, 0x1e, 0x1f, 0xdd, 0xdd, 0xf2, 0xe1, 0x1e,
    0x0, 0x0, 0x0, 0x0, 0xe1, 0x1e, 0x7f, 0xee,
    0xee, 0xfa, 0xea, 0xae, 0x77, 0x0, 0x0, 0x6a,
    0xe4, 0x33, 0x7f, 0xee, 0xee, 0xfa, 0xa0, 0x0,
    0x77, 0x0, 0x0, 0x6a, 0x0, 0x0, 0x79, 0x22,
    0x22, 0x7a, 0x0, 0x0, 0x7e, 0xcc, 0xcc, 0xd9,

    /* U+5668 "器" */
    0x0, 0xfe, 0xef, 0x41, 0xfe, 0xef, 0x60, 0x0,
    0xe0, 0xa, 0x41, 0xe0, 0x9, 0x60, 0x0, 0xf0,
    0xb, 0x41, 0xe0, 0x9, 0x60, 0x0, 0xdd, 0xdd,
    0x61, 0xde, 0xdd, 0x60, 0x0, 0x0, 0x4, 0xd0,
    0x9, 0xa1, 0x0, 0x1e, 0xee, 0xef, 0xfe, 0xee,
    0xff, 0xe7, 0x0, 0x5, 0xe4, 0x0, 0x3d, 0x50,
    0x0, 0x1, 0x9e, 0x30, 0x0, 0x2, 0xda, 0x30,
    0x2e, 0xfe, 0xef, 0x40, 0xfe, 0xef, 0xf7, 0x1,
    0xf0, 0xb, 0x40, 0xe0, 0x9, 0x70, 0x0, 0xf0,
    0xb, 0x40, 0xe0, 0x9, 0x60, 0x0, 0xfe, 0xee,
    0x40, 0xfe, 0xee, 0x60,

    /* U+5728 "在" */
    0x0, 0x0, 0xa, 0x50, 0x0, 0x0, 0x0, 0x0,
    0x0, 0x1f, 0x20, 0x0, 0x0, 0x0, 0x1c, 0xcc,
    0xdf, 0xcc, 0xcc, 0xcc, 0xc1, 0x3, 0x33, 0xf6,
    0x33, 0x33, 0x33, 0x30, 0x0, 0x8, 0xc0, 0x0,
    0x64, 0x0, 0x0, 0x0, 0x2f, 0x30, 0x0, 0xa6,
    0x0, 0x0, 0x1, 0xdc, 0x0, 0x0, 0xa7, 0x0,
    0x0, 0x1d, 0xeb, 0xb, 0xee, 0xff, 0xee, 0x80,
    0x3b, 0x5b, 0x0, 0x0, 0xa6, 0x0, 0x0, 0x0,
    0x4b, 0x0, 0x0, 0xa6, 0x0, 0x0, 0x0, 0x4b,
    0x0, 0x0, 0xa6, 0x0, 0x0, 0x0, 0x4b, 0x0,
    0x0, 0xa6, 0x0, 0x0, 0x0, 0x4b, 0x5f, 0xff,
    0xff, 0xff, 0xf1,

    /* U+58F0 "声" */
    0x0, 0x0, 0x0, 0x87, 0x0, 0x0, 0x0, 0xc,
    0xcc, 0xcc, 0xee, 0xcc, 0xcc, 0xc0, 0x1, 0x11,
    0x11, 0x98, 0x11, 0x11, 0x10, 0x0, 0x11, 0x11,
    0x98, 0x11, 0x11, 0x0, 0x2, 0xdd, 0xdd, 0xdd,
    0xdd, 0xdd, 0x50, 0x0, 0x0, 0x0, 0x0, 0x0,
    0x0, 0x0, 0x0, 0xdd, 0xcc, 0xee, 0xcc, 0xcf,
    0x10, 0x0, 0xd2, 0x0, 0x87, 0x0, 0xe, 0x10,
    0x0, 0xf2, 0x0, 0x88, 0x0, 0xe, 0x10, 0x1,
    0xfd, 0xdd, 0xdd, 0xdd, 0xdf, 0x10, 0x4, 0xc0,
    0x0, 0x0, 0x0, 0x8, 0x10, 0xb, 0x70, 0x0,
    0x0, 0x0, 0x0, 0x0, 0x5d, 0x0, 0x0, 0x0,
    0x0, 0x0, 0x0, 0x2, 0x0, 0x0, 0x0, 0x0,
    0x0, 0x0,

    /* U+5907 "备" */
    0x0, 0x0, 0x0, 0x0, 0x0, 0x0, 0x0, 0x0,
    0x0, 0x99, 0x0, 0x0, 0x0, 0x0, 0x0, 0x5,
    0xfd, 0xcc, 0xcc, 0x80, 0x0, 0x0, 0x8f, 0xb2,
    0x22, 0x6f, 0x20, 0x0, 0xc, 0xc3, 0xb9, 0x17,
    0xe4, 0x0, 0x0, 0x3, 0x0, 0xd, 0xff, 0x30,
    0x0, 0x0, 0x1, 0x5a, 0xfb, 0x59, 0xfc, 0x85,
    0x20, 0x9f, 0xb7, 0x10, 0x0, 0x5, 0x8c, 0xc0,
    0x0, 0xdf, 0xee, 0xfe, 0xee, 0xf2, 0x0, 0x0,
    0xd3, 0x0, 0xe2, 0x0, 0xf2, 0x0, 0x0, 0xde,
    0xdd, 0xfd, 0xdd, 0xf2, 0x0, 0x0, 0xd3, 0x0,
    0xe2, 0x0, 0xf2, 0x0, 0x0, 0xd4, 0x0, 0xe3,
    0x0, 0xf2, 0x0, 0x0, 0xde, 0xdd, 0xdd, 0xdd,
    0xf2, 0x0,

    /* U+591A "多" */
    0x0, 0x0, 0x2d, 0x30, 0x0, 0x0, 0x0, 0x0,
    0x3e, 0xfc, 0xcc, 0xa0, 0x0, 0x1, 0xad, 0x42,
    0x23, 0xd6, 0x0, 0x2, 0xe8, 0x76, 0x1, 0xc9,
    0x0, 0x0, 0x0, 0x1, 0xbc, 0xe6, 0x0, 0x0,
    0x0, 0x2, 0x8e, 0xa2, 0xd7, 0x0, 0x0, 0x8e,
    0xd8, 0x12, 0xdf, 0xdc, 0xcc, 0x2, 0x20, 0x7,
    0xe6, 0x22, 0x2b, 0x80, 0x0, 0x7d, 0xa6, 0x30,
    0x8, 0xc0, 0x0, 0x7, 0x20, 0x3e, 0x7b, 0xb1,
    0x0, 0x0, 0x0, 0x4, 0xbf, 0x60, 0x0, 0x2,
    0x57, 0xae, 0xc6, 0x10, 0x0, 0x0, 0xab, 0x86,
    0x20, 0x0, 0x0, 0x0, 0x0,

    /* U+5927 "大" */
    0x0, 0x0, 0x0, 0x89, 0x0, 0x0, 0x0, 0x0,
    0x0, 0x0, 0x98, 0x0, 0x0, 0x0, 0x0, 0x0,
    0x0, 0xa7, 0x0, 0x0, 0x0, 0x0, 0x0, 0x0,
    0xb6, 0x0, 0x0, 0x0, 0x1f, 0xff, 0xff, 0xff,
    0xff, 0xff, 0xf2, 0x1, 0x11, 0x13, 0xff, 0x31,
    0x11, 0x10, 0x0, 0x0, 0x5, 0xdb, 0x70, 0x0,
    0x0, 0x0, 0x0, 0xb, 0x75, 0xd0, 0x0, 0x0,
    0x0, 0x0, 0x4e, 0x10, 0xc8, 0x0, 0x0, 0x0,
    0x2, 0xe6, 0x0, 0x3f, 0x40, 0x0, 0x0, 0x2e,
    0x90, 0x0, 0x6, 0xf4, 0x0, 0x8, 0xf8, 0x0,
    0x0, 0x0, 0x6f, 0xa1, 0x1a, 0x30, 0x0, 0x0,
    0x0, 0x2, 0xa1,

    /* U+592A "太" */
    0x0, 0x0, 0x0, 0x98, 0x0, 0x0, 0x0, 0x0,
    0x0, 0x0, 0x97, 0x0, 0x0, 0x0, 0x0, 0x0,
    0x0, 0xa7, 0x0, 0x0, 0x0, 0x0, 0x0, 0x0,
    0xb6, 0x0, 0x0, 0x0, 0x2f, 0xff, 0xff, 0xff,
    0xff, 0xff, 0xf3, 0x0, 0x0, 0x1, 0xff, 0x20,
    0x0, 0x0, 0x0, 0x0, 0x4, 0xd9, 0x80, 0x0,
    0x0, 0x0, 0x0, 0xa, 0x93, 0xe0, 0x0, 0x0,
    0x0, 0x0, 0x2f, 0x20, 0xb8, 0x0, 0x0, 0x0,
    0x0, 0xcc, 0x0, 0x2f, 0x30, 0x0, 0x0, 0xb,
    0xcb, 0xb0, 0x6, 0xf3, 0x0, 0x4, 0xdc, 0x0,
    0xac, 0x0, 0x7f, 0x70, 0x2e, 0x60, 0x0, 0xb,
    0x30, 0x4, 0xe4, 0x0, 0x0, 0x0, 0x0, 0x0,
    0x0, 0x0,

    /* U+594F "奏" */
    0x0, 0x0, 0x0, 0x0, 0x0, 0x0, 0x0, 0x0,
    0x0, 0x0, 0x88, 0x0, 0x0, 0x0, 0x3, 0xdd,
    0xdd, 0xff, 0xdd, 0xdd, 0x40, 0x0, 0x0, 0x0,
    0xd3, 0x0, 0x0, 0x0, 0x0, 0x9d, 0xde, 0xfe,
    0xdd, 0xda, 0x0, 0x0, 0x0, 0xa, 0x80, 0x0,
    0x0, 0x0, 0x2d, 0xdd, 0xdf, 0xed, 0xdd, 0xdd,
    0xd3, 0x0, 0x3, 0xe4, 0x0, 0x3d, 0x30, 0x0,
    0x0, 0x5e, 0xdd, 0xdd, 0xdc, 0xe6, 0x0, 0x3d,
    0xd3, 0x0, 0x87, 0x0, 0x2b, 0xe4, 0x4, 0x7d,
    0xdd, 0xfe, 0xdd, 0xd7, 0x30, 0x0, 0x0, 0x8,
    0xc3, 0xa3, 0x0, 0x0, 0x0, 0x4, 0xcb, 0x10,
    0x5d, 0xc3, 0x0, 0x0, 0xdb, 0x40, 0x0, 0x0,
    0x5e, 0x30, 0x0, 0x0, 0x0, 0x0, 0x0, 0x0,
    0x0,

    /* U+5B8C "完" */
    0x0, 0x0, 0x0, 0xa2, 0x0, 0x0, 0x0, 0x0,
    0x0, 0x0, 0xaa, 0x0, 0x0, 0x0, 0xd, 0xff,
    0xff, 0xff, 0xff, 0xff, 0xd0, 0xd, 0x30, 0x0,
    0x0, 0x0, 0x4, 0xd0, 0xd, 0x3b, 0xdd, 0xdd,
    0xdd, 0xa4, 0xd0, 0x0, 0x1, 0x11, 0x11, 0x11,
    0x10, 0x0, 0x0, 0x0, 0x0, 0x0, 0x0, 0x0,
    0x0, 0x3e, 0xee, 0xff, 0xee, 0xff, 0xee, 0xe3,
    0x0, 0x0, 0x88, 0x0, 0xe2, 0x0, 0x0, 0x0,
    0x0, 0xb6, 0x0, 0xe2, 0x0, 0x0, 0x0, 0x2,
    0xf1, 0x0, 0xe2, 0x0, 0x73, 0x0, 0x3e, 0x70,
    0x0, 0xe2, 0x0, 0xb4, 0x2e, 0xc5, 0x0, 0x0,
    0x9f, 0xff, 0xd0, 0x1, 0x0, 0x0, 0x0, 0x0,
    0x0, 0x0,

    /* U+5B9A "定" */
    0x0, 0x0, 0x1, 0x90, 0x0, 0x0, 0x0, 0x0,
    0x0, 0x0, 0xe5, 0x0, 0x0, 0x0, 0xe, 0xfe,
    0xee, 0xee, 0xee, 0xef, 0xe0, 0xe, 0x10, 0x0,
    0x0, 0x0, 0x2, 0xe0, 0xe, 0x23, 0x33, 0x33,
    0x33, 0x32, 0xe0, 0x0, 0x1c, 0xcc, 0xfd, 0xcc,
    0xa0, 0x0, 0x0, 0x1, 0x0, 0xd3, 0x0, 0x0,
    0x0, 0x0, 0x2e, 0x0, 0xd4, 0x0, 0x0, 0x0,
    0x0, 0x6c, 0x0, 0xdf, 0xee, 0xe6, 0x0, 0x0,
    0xaf, 0x20, 0xd3, 0x0, 0x0, 0x0, 0x1, 0xe7,
    0xb1, 0xd3, 0x0, 0x0, 0x0, 0x9, 0xa0, 0x7e,
    0xe6, 0x21, 0x0, 0x0, 0x4d, 0x10, 0x3, 0x9d,
    0xef, 0xff, 0xf4, 0x1, 0x0, 0x0, 0x0, 0x0,
    0x0, 0x0,

    /* U+5C0F "小" */
    0x0, 0x0, 0x0, 0x4d, 0x0, 0x0, 0x0, 0x0,
    0x0, 0x0, 0x4d, 0x0, 0x0, 0x0, 0x0, 0x0,
    0x0, 0x4d, 0x0, 0x0, 0x0, 0x0, 0x8, 0x10,
    0x4d, 0x0, 0x63, 0x0, 0x0, 0x4e, 0x0, 0x4d,
    0x0, 0x7b, 0x0, 0x0, 0x8a, 0x0, 0x4d, 0x0,
    0x1f, 0x30, 0x0, 0xd5, 0x0, 0x4d, 0x0, 0x8,
    0xc0, 0x4, 0xf0, 0x0, 0x4d, 0x0, 0x1, 0xf2,
    0xc, 0x80, 0x0, 0x4d, 0x0, 0x0, 0xb8, 0x1a,
    0x0, 0x0, 0x4d, 0x0, 0x0, 0x6a, 0x0, 0x0,
    0x0, 0x4d, 0x0, 0x0, 0x0, 0x0, 0x0, 0x11,
    0x6d, 0x0, 0x0, 0x0, 0x0, 0x0, 0xcf, 0xe7,
    0x0, 0x0, 0x0, 0x0, 0x0, 0x0, 0x0, 0x0,
    0x0, 0x0,

    /* U+5C11 "少" */
    0x0, 0x0, 0x0, 0xe1, 0x0, 0x0, 0x0, 0x0,
    0x0, 0x0, 0xe1, 0x0, 0x0, 0x0, 0x0, 0x29,
    0x0, 0xe1, 0x1, 0x80, 0x0, 0x0, 0x98, 0x0,
    0xe1, 0x0, 0xc5, 0x0, 0x1, 0xe1, 0x0, 0xe1,
    0x0, 0x3e, 0x10, 0xb, 0x70, 0x0, 0xe1, 0x0,
    0x9, 0x80, 0x3d, 0x0, 0x0, 0xe1, 0x0, 0x1,
    0xc0, 0x0, 0x0, 0x0, 0xe1, 0x0, 0x92, 0x0,
    0x0, 0x0, 0x0, 0x91, 0xa, 0xb0, 0x0, 0x0,
    0x0, 0x0, 0x3, 0xcb, 0x0, 0x0, 0x0, 0x0,
    0x4, 0xae, 0x60, 0x0, 0x0, 0x25, 0x8a, 0xfc,
    0x71, 0x0, 0x0, 0x0, 0x6b, 0x85, 0x20, 0x0,
    0x0, 0x0, 0x0,

    /* U+5DF2 "已" */
    0xef, 0xff, 0xff, 0xff, 0xff, 0x50, 0x0, 0x0,
    0x0, 0x0, 0x0, 0xc5, 0x0, 0x3, 0x0, 0x0,
    0x0, 0xc, 0x50, 0x0, 0xf1, 0x0, 0x0, 0x0,
    0xc5, 0x0, 0xf, 0x21, 0x11, 0x11, 0x1c, 0x50,
    0x0, 0xff, 0xff, 0xff, 0xff, 0xf5, 0x0, 0xf,
    0x10, 0x0, 0x0, 0x5, 0x20, 0x0, 0xf1, 0x0,
    0x0, 0x0, 0x0, 0x0, 0xf, 0x10, 0x0, 0x0,
    0x0, 0xd, 0x0, 0xf1, 0x0, 0x0, 0x0, 0x2,
    0xf0, 0xd, 0x71, 0x0, 0x0, 0x1, 0x9b, 0x0,
    0x5d, 0xff, 0xff, 0xff, 0xfc, 0x20,

    /* U+5E26 "带" */
    0x0, 0xc, 0x30, 0x5a, 0x0, 0xc4, 0x0, 0x0,
    0xc, 0x30, 0x5a, 0x0, 0xc4, 0x0, 0x1e, 0xef,
    0xfe, 0xff, 0xee, 0xff, 0xe7, 0x0, 0xc, 0x30,
    0x5a, 0x0, 0xc4, 0x0, 0x0, 0x0, 0x0, 0x0,
    0x0, 0x0, 0x0, 0xb, 0xfe, 0xee, 0xff, 0xee,
    0xee, 0xf2, 0xb, 0x50, 0x0, 0x6a, 0x0, 0x0,
    0xe2, 0x9, 0x6c, 0xcc, 0xde, 0xcc, 0xca, 0xc1,
    0x0, 0x2e, 0x22, 0x7b, 0x22, 0x5d, 0x0, 0x0,
    0x2d, 0x0, 0x6a, 0x0, 0x3d, 0x0, 0x0, 0x2d,
    0x0, 0x6a, 0x0, 0x4d, 0x0, 0x0, 0x2c, 0x0,
    0x6a, 0xc, 0xd7, 0x0, 0x0, 0x0, 0x0, 0x6a,
    0x0, 0x0, 0x0,

    /* U+5EFA "建" */
    0x0, 0x0, 0x0, 0x0, 0xd1, 0x0, 0x0, 0x1e,
    0xef, 0x85, 0xaa, 0xfb, 0xaa, 0x20, 0x0, 0xe,
    0x11, 0x22, 0xe3, 0x2b, 0x30, 0x0, 0x89, 0x5d,
    0xdd, 0xfd, 0xdf, 0xd2, 0x2, 0xd0, 0x0, 0x0,
    0xd1, 0xb, 0x30, 0xc, 0xff, 0x87, 0xdd, 0xfd,
    0xdf, 0x30, 0x2, 0x8, 0x60, 0x0, 0xd1, 0x0,
    0x0, 0x8, 0xc, 0x38, 0xcc, 0xfd, 0xcc, 0x60,
    0x8, 0x7e, 0x0, 0x0, 0xd1, 0x0, 0x0, 0x1,
    0xea, 0x4d, 0xdd, 0xfd, 0xdd, 0xd1, 0x0, 0xdc,
    0x10, 0x0, 0xd1, 0x0, 0x0, 0x7, 0xa4, 0xd8,
    0x42, 0x10, 0x0, 0x0, 0x3e, 0x10, 0x17, 0xce,
    0xff, 0xff, 0xf3, 0x1, 0x0, 0x0, 0x0, 0x0,
    0x0, 0x0,

    /* U+5F00 "开" */
    0x8, 0xff, 0xff, 0xff, 0xff, 0xff, 0xf0, 0x0,
    0x0, 0xb5, 0x0, 0xb, 0x50, 0x0, 0x0, 0x0,
    0xb5, 0x0, 0xb, 0x50, 0x0, 0x0, 0x0, 0xb5,
    0x0, 0xb, 0x50, 0x0, 0x0, 0x0, 0xb5, 0x0,
    0xb, 0x50, 0x0, 0x1f, 0xff, 0xff, 0xff, 0xff,
    0xff, 0xf7, 0x0, 0x0, 0xe4, 0x0, 0xc, 0x60,
    0x0, 0x0, 0x1, 0xf0, 0x0, 0xb, 0x50, 0x0,
    0x0, 0x7, 0xb0, 0x0, 0xb, 0x50, 0x0, 0x0,
    0x2f, 0x40, 0x0, 0xb, 0x50, 0x0, 0x3, 0xd8,
    0x0, 0x0, 0xb, 0x50, 0x0, 0xb, 0x70, 0x0,
    0x0, 0xb, 0x50, 0x0, 0x0, 0x0, 0x0, 0x0,
    0x0, 0x0, 0x0,

    /* U+5F0F "式" */
    0x0, 0x0, 0x0, 0x0, 0xe3, 0x95, 0x0, 0x0,
    0x0, 0x0, 0x0, 0xe3, 0x2e, 0x60, 0x0, 0x0,
    0x0, 0x0, 0xe4, 0x3, 0x60, 0x1f, 0xff, 0xff,
    0xff, 0xff, 0xff, 0xf6, 0x0, 0x0, 0x0, 0x0,
    0xb5, 0x0, 0x0, 0x0, 0x0, 0x0, 0x0, 0x97,
    0x0, 0x0, 0x9, 0xff, 0xff, 0xf9, 0x79, 0x0,
    0x0, 0x0, 0x0, 0xf0, 0x0, 0x5c, 0x0, 0x0,
    0x0, 0x0, 0xf0, 0x0, 0x1f, 0x0, 0x0, 0x0,
    0x0, 0xf0, 0x0, 0xd, 0x40, 0x23, 0x0, 0x1,
    0xf5, 0x9c, 0x8, 0xb0, 0x59, 0x8, 0xcf, 0xda,
    0x62, 0x1, 0xf6, 0x97, 0x6, 0x41, 0x0, 0x0,
    0x0, 0x4d, 0xd1,

    /* U+5F85 "待" */
    0x0, 0x9, 0x60, 0x0, 0x4b, 0x0, 0x0, 0x0,
    0x6d, 0x10, 0x0, 0x4b, 0x0, 0x0, 0x6, 0xe3,
    0x5, 0xff, 0xff, 0xff, 0xe0, 0xd, 0x21, 0x50,
    0x0, 0x4b, 0x0, 0x0, 0x0, 0xc, 0x80, 0x0,
    0x4b, 0x0, 0x0, 0x0, 0x9e, 0x3f, 0xff, 0xff,
    0xff, 0xfa, 0xb, 0xec, 0x0, 0x0, 0x0, 0x5b,
    0x0, 0x2b, 0x3c, 0xe, 0xee, 0xee, 0xef, 0xe8,
    0x0, 0x2c, 0x1, 0x52, 0x11, 0x6b, 0x10, 0x0,
    0x2c, 0x0, 0x9a, 0x0, 0x5b, 0x0, 0x0, 0x2c,
    0x0, 0xd, 0x40, 0x5b, 0x0, 0x0, 0x2c, 0x0,
    0x3, 0x10, 0x5b, 0x0, 0x0, 0x2c, 0x0, 0x0,
    0x4f, 0xe6, 0x0, 0x0, 0x0, 0x0, 0x0, 0x0,
    0x0, 0x0,

    /* U+5F8B "律" */
    0x0, 0x6, 0x60, 0x0, 0x97, 0x0, 0x0, 0x0,
    0x3e, 0x20, 0x0, 0xa7, 0x0, 0x0, 0x4, 0xe4,
    0x8, 0xdd, 0xfe, 0xde, 0xb0, 0xd, 0x41, 0x40,
    0x0, 0x97, 0x5, 0xb0, 0x0, 0xa, 0x9e, 0xee,
    0xff, 0xef, 0xfa, 0x0, 0x7d, 0x0, 0x0, 0x97,
    0x5, 0xb0, 0x8, 0xfc, 0xa, 0xee, 0xff, 0xee,
    0xa0, 0x2d, 0x5c, 0x0, 0x0, 0x97, 0x0, 0x0,
    0x0, 0x3c, 0x8, 0xee, 0xff, 0xee, 0xd0, 0x0,
    0x3c, 0x0, 0x0, 0x97, 0x0, 0x0, 0x0, 0x3c,
    0x3e, 0xee, 0xff, 0xee, 0xe8, 0x0, 0x3c, 0x0,
    0x0, 0x97, 0x0, 0x0, 0x0, 0x3c, 0x0, 0x0,
    0x97, 0x0, 0x0,

    /* U+6027 "性" */
    0x0, 0xc3, 0x0, 0x30, 0x78, 0x0, 0x0, 0x0,
    0xc3, 0x0, 0xf1, 0x88, 0x0, 0x0, 0x2, 0xc8,
    0x23, 0xd0, 0x88, 0x0, 0x0, 0x39, 0xc8, 0xa7,
    0xff, 0xff, 0xff, 0xb0, 0x57, 0xc3, 0xce, 0x40,
    0x89, 0x0, 0x0, 0x94, 0xc3, 0x5c, 0x0, 0x88,
    0x0, 0x0, 0x70, 0xc3, 0x1, 0x0, 0x88, 0x0,
    0x0, 0x0, 0xc3, 0x7, 0xee, 0xff, 0xee, 0x60,
    0x0, 0xc3, 0x0, 0x0, 0x89, 0x0, 0x0, 0x0,
    0xc3, 0x0, 0x0, 0x88, 0x0, 0x0, 0x0, 0xc3,
    0x0, 0x0, 0x88, 0x0, 0x0, 0x0, 0xc3, 0x12,
    0x22, 0x99, 0x22, 0x20, 0x0, 0xc3, 0x7c, 0xcc,
    0xcc, 0xcc, 0xc0,

    /* U+6216 "或" */
    0x0, 0x0, 0x0, 0x3, 0xd1, 0xc3, 0x0, 0x0,
    0x0, 0x0, 0x3, 0xd0, 0x5e, 0x50, 0x4, 0x44,
    0x44, 0x46, 0xe4, 0x48, 0x80, 0xb, 0xbb, 0xbb,
    0xbc, 0xfb, 0xbb, 0xb1, 0x0, 0x0, 0x0, 0x0,
    0xf0, 0x1, 0x0, 0x3, 0xfe, 0xee, 0x90, 0xe2,
    0xd, 0x50, 0x3, 0xb0, 0x6, 0x90, 0xd4, 0x5e,
    0x0, 0x3, 0xb0, 0x6, 0x90, 0xa8, 0xd7, 0x0,
    0x3, 0xfe, 0xef, 0x90, 0x6e, 0xc0, 0x0, 0x0,
    0x0, 0x0, 0x10, 0x4f, 0x30, 0x31, 0x1, 0x48,
    0xbe, 0xd5, 0xee, 0x70, 0x86, 0xe, 0xb8, 0x41,
    0x7d, 0x34, 0xf4, 0xc3, 0x0, 0x0, 0x3, 0xb1,
    0x0, 0x6e, 0xb0,

    /* U+6301 "持" */
    0x0, 0x0, 0x0, 0x0, 0x0, 0x0, 0x0, 0x0,
    0x86, 0x0, 0x0, 0x1e, 0x0, 0x0, 0x0, 0x86,
    0x0, 0x0, 0x1e, 0x0, 0x0, 0x0, 0x86, 0x1,
    0xff, 0xff, 0xff, 0xe0, 0x5e, 0xff, 0xd0, 0x0,
    0x1e, 0x0, 0x0, 0x2, 0x98, 0x20, 0x0, 0x1e,
    0x0, 0x0, 0x0, 0x86, 0xd, 0xff, 0xff, 0xff,
    0xf9, 0x0, 0x8a, 0x70, 0x0, 0x0, 0x3c, 0x0,
    0x4d, 0xfb, 0x4a, 0xee, 0xee, 0xef, 0xe7, 0x24,
    0x86, 0x0, 0x34, 0x11, 0x4c, 0x10, 0x0, 0x86,
    0x0, 0x3e, 0x10, 0x3c, 0x0, 0x0, 0x86, 0x0,
    0x9, 0x90, 0x3c, 0x0, 0x0, 0x96, 0x0, 0x1,
    0x30, 0x4c, 0x0, 0xe, 0xd3, 0x0, 0x0, 0x1f,
    0xf7, 0x0,

    /* U+6309 "按" */
    0x0, 0x0, 0x0, 0x0, 0x0, 0x0, 0x0, 0x0,
    0x87, 0x0, 0x0, 0x96, 0x0, 0x0, 0x0, 0x87,
    0x0, 0x0, 0x6b, 0x0, 0x0, 0x0, 0x87, 0xa,
    0xff, 0xff, 0xff, 0xf1, 0x6f, 0xff, 0xfa, 0x50,
    0x60, 0x0, 0xe1, 0x0, 0x88, 0x7, 0x42, 0xe0,
    0x0, 0xb1, 0x0, 0x87, 0x0, 0x7, 0xa0, 0x0,
    0x0, 0x0, 0x87, 0xe, 0xef, 0xee, 0xef, 0xe4,
    0x0, 0xad, 0xd3, 0x5d, 0x0, 0x79, 0x0, 0x6e,
    0xea, 0x10, 0xd5, 0x0, 0xd4, 0x0, 0x10, 0x87,
    0x0, 0x8e, 0x87, 0xc0, 0x0, 0x0, 0x87, 0x0,
    0x1, 0xcf, 0x90, 0x0, 0x0, 0x87, 0x0, 0x5b,
    0xc4, 0xbd, 0x30, 0xe, 0xe4, 0xb, 0xb5, 0x0,
    0x5, 0xc0, 0x0, 0x0, 0x0, 0x0, 0x0, 0x0,
    0x0,

    /* U+6362 "换" */
    0x0, 0x0, 0x0, 0x0, 0x0, 0x0, 0x0, 0x0,
    0xe1, 0x0, 0xe, 0x20, 0x0, 0x0, 0x0, 0xe1,
    0x0, 0x7f, 0xbb, 0xc5, 0x0, 0x0, 0xe1, 0x2,
    0xe3, 0x23, 0xf3, 0x0, 0x8e, 0xff, 0x7d, 0x70,
    0x9, 0x90, 0x0, 0x24, 0xf5, 0x5e, 0xed, 0xfe,
    0xdf, 0x10, 0x0, 0xe1, 0x8, 0x70, 0xa5, 0xf,
    0x10, 0x0, 0xe4, 0x38, 0x70, 0xb5, 0xf, 0x10,
    0x49, 0xfd, 0x58, 0x70, 0xc3, 0xf, 0x10, 0x67,
    0xf1, 0x8e, 0xee, 0xff, 0xee, 0xe1, 0x0, 0xe1,
    0x0, 0x8, 0xcd, 0x0, 0x0, 0x0, 0xe1, 0x0,
    0x6d, 0x17, 0xb0, 0x0, 0x0, 0xf1, 0x2a, 0xc1,
    0x0, 0x9d, 0x40, 0x2f, 0xc1, 0xd7, 0x0, 0x0,
    0x4, 0xc1, 0x0, 0x0, 0x0, 0x0, 0x0, 0x0,
    0x0,

    /* U+63A5 "接" */
    0x0, 0x86, 0x0, 0x0, 0x84, 0x0, 0x0, 0x0,
    0x86, 0x0, 0x11, 0x6b, 0x11, 0x10, 0x0, 0x86,
    0x5, 0xdd, 0xdd, 0xdd, 0xd2, 0x2b, 0xed, 0xa0,
    0x2b, 0x0, 0x5a, 0x0, 0x2, 0x98, 0x10, 0x9,
    0x30, 0xd2, 0x0, 0x0, 0x86, 0xd, 0xee, 0xee,
    0xee, 0xe7, 0x0, 0x8a, 0x60, 0x1, 0xd1, 0x0,
    0x0, 0x3c, 0xfc, 0x5c, 0xcd, 0xec, 0xcc, 0xc8,
    0x14, 0x86, 0x1, 0x5d, 0x21, 0x5d, 0x11, 0x0,
    0x86, 0x0, 0xda, 0x10, 0xb6, 0x0, 0x0, 0x86,
    0x0, 0x38, 0xec, 0xd0, 0x0, 0x0, 0x86, 0x0,
    0x38, 0xea, 0xdc, 0x30, 0xc, 0xe3, 0x1e, 0xb7,
    0x10, 0x5, 0xd1, 0x0, 0x0, 0x0, 0x0, 0x0,
    0x0, 0x0,

    /* U+64AD "播" */
    0x0, 0x86, 0x0, 0x2, 0x35, 0x8b, 0x90, 0x0,
    0x86, 0x9, 0xcb, 0xbe, 0x76, 0x30, 0x0, 0x86,
    0x0, 0xa4, 0x2c, 0xb, 0x40, 0x4e, 0xfe, 0xd0,
    0x49, 0x2c, 0x2c, 0x0, 0x2, 0xa7, 0x2e, 0xee,
    0xff, 0xfe, 0xe8, 0x0, 0x86, 0x0, 0xb, 0xbd,
    0xc5, 0x0, 0x0, 0x89, 0x72, 0xba, 0x2c, 0x1d,
    0x80, 0x28, 0xed, 0xbf, 0x81, 0x29, 0x12, 0xbb,
    0x48, 0xa6, 0x4, 0xfb, 0xce, 0xbc, 0xd0, 0x0,
    0x86, 0x2, 0xd1, 0x3c, 0x13, 0xd0, 0x0, 0x86,
    0x2, 0xfa, 0xbe, 0xab, 0xd0, 0x0, 0x96, 0x2,
    0xd1, 0x4c, 0x13, 0xd0, 0xe, 0xe3, 0x2, 0xfa,
    0xaa, 0xab, 0xc0, 0x0, 0x0, 0x0, 0x0, 0x0,
    0x0, 0x0,

    /* U+653E "放" */
    0x0, 0x8, 0x0, 0x0, 0x45, 0x0, 0x0, 0x0,
    0xa, 0x60, 0x0, 0xb7, 0x0, 0x0, 0x16, 0x69,
    0x96, 0x50, 0xf4, 0x0, 0x0, 0x29, 0xdb, 0x99,
    0x83, 0xfe, 0xef, 0xf7, 0x0, 0xa5, 0x0, 0xa,
    0xd0, 0xb, 0x50, 0x0, 0xae, 0xdd, 0x6e, 0xd1,
    0xe, 0x10, 0x0, 0xa6, 0x1c, 0xa7, 0x86, 0x3d,
    0x0, 0x0, 0xb4, 0xc, 0x30, 0x3c, 0x97, 0x0,
    0x0, 0xd3, 0xc, 0x30, 0xd, 0xf1, 0x0, 0x0,
    0xf0, 0xd, 0x20, 0xb, 0xd0, 0x0, 0x5, 0xb0,
    0xe, 0x10, 0x8d, 0xd8, 0x0, 0xd, 0x40, 0x1f,
    0x1a, 0xd1, 0x2e, 0x80, 0x5a, 0xb, 0xf9, 0xaa,
    0x10, 0x2, 0xc4, 0x0, 0x0, 0x0, 0x0, 0x0,
    0x0, 0x0,

    /* U+6548 "效" */
    0x0, 0x6, 0x0, 0x0, 0x8, 0x0, 0x0, 0x0,
    0xb, 0x60, 0x0, 0x3c, 0x0, 0x0, 0x18, 0x8a,
    0xc8, 0x81, 0x79, 0x0, 0x0, 0x16, 0x86, 0x67,
    0x61, 0xbf, 0xef, 0xf5, 0x1, 0xe1, 0x1d, 0x21,
    0xe0, 0x9, 0x60, 0x9, 0x80, 0x5, 0xb7, 0xf1,
    0xc, 0x30, 0x4d, 0x30, 0x59, 0x7e, 0xc6, 0xe,
    0x0, 0x2, 0xb9, 0xb5, 0x4, 0x4b, 0x5b, 0x0,
    0x0, 0xc, 0xe0, 0x0, 0xd, 0xd4, 0x0, 0x0,
    0xc, 0xf5, 0x0, 0x8, 0xe0, 0x0, 0x0, 0x8b,
    0x3f, 0x20, 0x3e, 0xe5, 0x0, 0x9, 0xd1, 0x7,
    0x34, 0xe5, 0x3e, 0x50, 0x2a, 0x0, 0x0, 0x7e,
    0x40, 0x4, 0xe4, 0x0, 0x0, 0x0, 0x10, 0x0,
    0x0, 0x10,

    /* U+6574 "整" */
    0x0, 0x4, 0xa0, 0x0, 0x2b, 0x0, 0x0, 0xc,
    0xcd, 0xec, 0xc3, 0x99, 0x0, 0x0, 0x1, 0x36,
    0xb3, 0x21, 0xfe, 0xdf, 0xe7, 0x9, 0x99, 0xc6,
    0xeb, 0xd7, 0xe, 0x30, 0x9, 0xcc, 0xea, 0xe3,
    0xc, 0xaa, 0x0, 0x0, 0x4d, 0xca, 0x20, 0xa,
    0xf5, 0x0, 0xa, 0xb5, 0xa1, 0x77, 0xd7, 0x2d,
    0xc4, 0x4, 0x1, 0x20, 0x4, 0x10, 0x0, 0x62,
    0x2, 0xee, 0xee, 0xff, 0xee, 0xee, 0x80, 0x0,
    0x3, 0x0, 0x69, 0x0, 0x0, 0x0, 0x0, 0xd,
    0x10, 0x6e, 0xcc, 0xc6, 0x0, 0x0, 0xd, 0x10,
    0x69, 0x0, 0x0, 0x0, 0x1e, 0xef, 0xee, 0xff,
    0xee, 0xee, 0xe8,

    /* U+65B0 "新" */
    0x0, 0x7, 0x0, 0x0, 0x0, 0x1, 0x10, 0x1,
    0x1a, 0x81, 0x10, 0x58, 0xce, 0x70, 0x2c, 0xdc,
    0xcd, 0xc4, 0xd5, 0x20, 0x0, 0x1, 0xc0, 0xe,
    0x13, 0xb0, 0x0, 0x0, 0x1, 0xc2, 0x5b, 0x14,
    0xb0, 0x0, 0x0, 0x4c, 0xce, 0xec, 0xc7, 0xff,
    0xff, 0xf6, 0x0, 0x7, 0x70, 0x4, 0xb0, 0x1e,
    0x0, 0x4e, 0xef, 0xfe, 0xe6, 0xa0, 0x1e, 0x0,
    0x1, 0x37, 0x74, 0x6, 0x90, 0x1e, 0x0, 0x7,
    0x77, 0x7a, 0x47, 0x70, 0x1e, 0x0, 0x1d, 0x17,
    0x73, 0xca, 0x40, 0x1e, 0x0, 0x15, 0x7, 0x70,
    0x3e, 0x0, 0x1e, 0x0, 0x0, 0x8e, 0x40, 0x57,
    0x0, 0x1e, 0x0,

    /* U+65CB "旋" */
    0x0, 0x32, 0x0, 0x4, 0x30, 0x0, 0x0, 0x0,
    0x6b, 0x0, 0xc, 0x50, 0x0, 0x0, 0x24, 0x4e,
    0x54, 0x3f, 0xcb, 0xbb, 0xb3, 0x6b, 0xfb, 0xbc,
    0xe8, 0x33, 0x33, 0x30, 0x0, 0xf0, 0x2, 0xc8,
    0x77, 0x77, 0x70, 0x0, 0xfd, 0xd6, 0x13, 0x3e,
    0x46, 0xd0, 0x1, 0xd1, 0x87, 0x4, 0xe, 0x8,
    0x60, 0x2, 0xc0, 0x87, 0x2d, 0xe, 0x0, 0x0,
    0x4, 0xa0, 0x86, 0x3b, 0xe, 0xfe, 0xb0, 0x7,
    0x80, 0x96, 0x5e, 0xe, 0x0, 0x0, 0xb, 0x40,
    0xa5, 0x8f, 0x5e, 0x0, 0x0, 0x3e, 0x0, 0xc4,
    0xe3, 0xef, 0x10, 0x0, 0x86, 0x6e, 0xc5, 0x80,
    0x2b, 0xff, 0xf3, 0x0, 0x0, 0x0, 0x0, 0x0,
    0x0, 0x0,

    /* U+66F4 "更" */
    0x1f, 0xff, 0xff, 0xff, 0xff, 0xff, 0xf1, 0x0,
    0x0, 0x0, 0x79, 0x0, 0x0, 0x0, 0x0, 0xbd,
    0xdd, 0xef, 0xdd, 0xdd, 0x30, 0x0, 0xc2, 0x0,
    0x79, 0x0, 0xd, 0x30, 0x0, 0xcd, 0xcc, 0xee,
    0xcc, 0xcf, 0x30, 0x0, 0xc3, 0x0, 0x7a, 0x0,
    0xd, 0x30, 0x0, 0xc4, 0x11, 0x8a, 0x11, 0x1d,
    0x30, 0x0, 0x9c, 0xcc, 0xed, 0xcc, 0xcc, 0x20,
    0x0, 0x1d, 0x30, 0xe3, 0x0, 0x0, 0x0, 0x0,
    0x3, 0xec, 0x90, 0x0, 0x0, 0x0, 0x0, 0x39,
    0xeb, 0xeb, 0x73, 0x20, 0x0, 0x1e, 0xc7, 0x10,
    0x4, 0x9c, 0xef, 0xf5, 0x0, 0x0, 0x0, 0x0,
    0x0, 0x0, 0x0,

    /* U+6700 "最" */
    0x0, 0xad, 0xbb, 0xbb, 0xbb, 0xe6, 0x0, 0x0,
    0xac, 0xbb, 0xbb, 0xbb, 0xd6, 0x0, 0x0, 0xa5,
    0x0, 0x0, 0x0, 0x86, 0x0, 0x0, 0x9c, 0xbb,
    0xbb, 0xbb, 0xc5, 0x0, 0x12, 0x22, 0x22, 0x22,
    0x22, 0x22, 0x20, 0x6c, 0xfb, 0xbd, 0xeb, 0xbb,
    0xbb, 0xb0, 0x1, 0xe6, 0x6b, 0x87, 0x77, 0x77,
    0x40, 0x1, 0xe4, 0x4a, 0x86, 0xd5, 0x5d, 0x50,
    0x1, 0xfc, 0xce, 0x80, 0xa5, 0x5d, 0x0, 0x1,
    0xd0, 0x9, 0xa1, 0x1d, 0xd2, 0x0, 0x5c, 0xfd,
    0xcd, 0xc4, 0x9c, 0xca, 0x30, 0x12, 0x0, 0x7,
    0x8b, 0x50, 0x5, 0xc1,

    /* U+6709 "有" */
    0x0, 0x0, 0x7, 0x40, 0x0, 0x0, 0x0, 0x0,
    0x0, 0xf, 0x20, 0x0, 0x0, 0x0, 0x1e, 0xee,
    0xff, 0xee, 0xee, 0xee, 0xe2, 0x0, 0x1, 0xd5,
    0x0, 0x0, 0x0, 0x0, 0x0, 0x8, 0xe2, 0x11,
    0x11, 0x10, 0x0, 0x0, 0x2f, 0xed, 0xdd, 0xdd,
    0xe7, 0x0, 0x3, 0xed, 0x90, 0x0, 0x0, 0x87,
    0x0, 0x2e, 0x56, 0xfe, 0xee, 0xee, 0xf7, 0x0,
    0x3, 0x6, 0x90, 0x0, 0x0, 0x87, 0x0, 0x0,
    0x6, 0xec, 0xcc, 0xcc, 0xe7, 0x0, 0x0, 0x6,
    0xa1, 0x11, 0x11, 0x97, 0x0, 0x0, 0x6, 0x90,
    0x0, 0x0, 0x97, 0x0, 0x0, 0x6, 0x90, 0x0,
    0xaf, 0xd3, 0x0,

    /* U+677E "松" */
    0x0, 0xf, 0x0, 0x2, 0x50, 0x63, 0x0, 0x0,
    0xf, 0x0, 0x7, 0xa0, 0x79, 0x0, 0x0, 0xf,
    0x0, 0xc, 0x50, 0x2e, 0x0, 0x2e, 0xef, 0xfb,
    0x2f, 0x0, 0xc, 0x60, 0x0, 0x4f, 0x20, 0xb9,
    0x12, 0x4, 0xe0, 0x0, 0x9f, 0xa3, 0xf2, 0x6d,
    0x0, 0xb6, 0x0, 0xcf, 0xc5, 0x30, 0xb7, 0x0,
    0x10, 0x4, 0x9f, 0x3b, 0x1, 0xf2, 0x0, 0x0,
    0xc, 0x3f, 0x0, 0x6, 0xb0, 0x38, 0x0, 0x3b,
    0xf, 0x0, 0xd, 0x40, 0xe, 0x20, 0x1, 0xf,
    0x0, 0x5d, 0x0, 0x2a, 0x90, 0x0, 0xf, 0x0,
    0xee, 0xef, 0xdb, 0xf1, 0x0, 0xf, 0x0, 0x64,
    0x20, 0x0, 0x71,

    /* U+679C "果" */
    0x0, 0xcf, 0xee, 0xff, 0xee, 0xfd, 0x0, 0x0,
    0xc4, 0x0, 0x88, 0x0, 0x4d, 0x0, 0x0, 0xce,
    0xdd, 0xff, 0xdd, 0xed, 0x0, 0x0, 0xc4, 0x0,
    0x88, 0x0, 0x4d, 0x0, 0x0, 0xc7, 0x33, 0xaa,
    0x33, 0x6d, 0x0, 0x0, 0x8b, 0xbb, 0xdd, 0xbb,
    0xb9, 0x0, 0x1, 0x11, 0x11, 0x99, 0x11, 0x11,
    0x10, 0x1d, 0xdd, 0xde, 0xff, 0xed, 0xdd, 0xd1,
    0x0, 0x0, 0x5d, 0xbb, 0xd6, 0x0, 0x0, 0x0,
    0x19, 0xc1, 0x88, 0x1b, 0xb2, 0x0, 0x2a, 0xe7,
    0x0, 0x88, 0x0, 0x5d, 0xb2, 0x6, 0x0, 0x0,
    0x88, 0x0, 0x0, 0x50,

    /* U+6A21 "模" */
    0x0, 0x87, 0x0, 0xe, 0x10, 0xe1, 0x0, 0x0,
    0x87, 0xb, 0xbf, 0xcb, 0xfc, 0xb0, 0x0, 0x88,
    0x3, 0x3f, 0x43, 0xf5, 0x30, 0x4e, 0xff, 0xd2,
    0x79, 0x87, 0x98, 0x20, 0x0, 0xb9, 0x5, 0xb5,
    0x55, 0x5c, 0x50, 0x0, 0xff, 0x25, 0xec, 0xcc,
    0xce, 0x50, 0x4, 0xfa, 0xb5, 0x90, 0x0, 0xa,
    0x50, 0xa, 0xb7, 0x95, 0xec, 0xcc, 0xce, 0x50,
    0x2d, 0x87, 0x0, 0x0, 0xa4, 0x0, 0x0, 0x56,
    0x87, 0x3e, 0xee, 0xfe, 0xee, 0xe0, 0x0, 0x87,
    0x0, 0x8, 0xba, 0x60, 0x0, 0x0, 0x87, 0x1,
    0x9d, 0x10, 0xd9, 0x20, 0x0, 0x87, 0x5d, 0x70,
    0x0, 0x6, 0xd1, 0x0, 0x0, 0x0, 0x0, 0x0,
    0x0, 0x0,

    /* U+6B63 "正" */
    0x8, 0xff, 0xff, 0xff, 0xff, 0xff, 0xe0, 0x0,
    0x11, 0x11, 0x2f, 0x11, 0x11, 0x10, 0x0, 0x0,
    0x0, 0x1f, 0x0, 0x0, 0x0, 0x0, 0x14, 0x0,
    0x1f, 0x0, 0x0, 0x0, 0x0, 0x3d, 0x0, 0x1f,
    0x0, 0x0, 0x0, 0x0, 0x3d, 0x0, 0x1f, 0xff,
    0xff, 0x40, 0x0, 0x3d, 0x0, 0x1f, 0x0, 0x0,
    0x0, 0x0, 0x3d, 0x0, 0x1f, 0x0, 0x0, 0x0,
    0x0, 0x3d, 0x0, 0x1f, 0x0, 0x0, 0x0, 0x0,
    0x3d, 0x0, 0x1f, 0x0, 0x0, 0x0, 0xb, 0xcf,
    0xbb, 0xcf, 0xbb, 0xbb, 0xb5, 0x4, 0x44, 0x44,
    0x44, 0x44, 0x44, 0x42,

    /* U+6BB5 "段" */
    0x0, 0x0, 0x27, 0x0, 0x0, 0x0, 0x0, 0x0,
    0x7b, 0xe9, 0x21, 0xfe, 0xed, 0x0, 0x1, 0xe3,
    0x0, 0x1, 0xe0, 0x1d, 0x0, 0x1, 0xe1, 0x11,
    0x3, 0xc0, 0x1d, 0x0, 0x1, 0xfc, 0xcc, 0x28,
    0x90, 0x1e, 0x0, 0x1, 0xe0, 0x0, 0x5e, 0x10,
    0x9, 0xc9, 0x1, 0xe4, 0x44, 0x35, 0x22, 0x22,
    0x10, 0x1, 0xfa, 0xaa, 0x2d, 0xdb, 0xbd, 0xa0,
    0x1, 0xe0, 0x0, 0x4, 0xb0, 0xc, 0x40, 0x3,
    0xe6, 0x9b, 0x50, 0xc5, 0x6c, 0x0, 0x3d, 0xf8,
    0x53, 0x0, 0x1e, 0xe1, 0x0, 0x1, 0xe0, 0x0,
    0x2, 0xbd, 0xdb, 0x30, 0x1, 0xe0, 0x0, 0xcd,
    0x70, 0x7, 0xe9, 0x0, 0x0, 0x0, 0x10, 0x0,
    0x0, 0x0,

    /* U+6E05 "清" */
    0x6, 0x40, 0x0, 0x0, 0xf1, 0x0, 0x0, 0x4,
    0xe9, 0x6c, 0xcc, 0xfd, 0xcc, 0xa0, 0x0, 0x16,
    0x1, 0x11, 0xf2, 0x11, 0x0, 0x0, 0x0, 0x2c,
    0xcc, 0xfc, 0xcc, 0x50, 0x3a, 0x20, 0x44, 0x44,
    0xf5, 0x44, 0x41, 0x6, 0xe3, 0x66, 0x66, 0x66,
    0x66, 0x62, 0x0, 0x10, 0xc, 0xcc, 0xcc, 0xcc,
    0x10, 0x0, 0x1, 0xe, 0x0, 0x0, 0xe, 0x10,
    0x0, 0x4c, 0xe, 0xcc, 0xcc, 0xcf, 0x10, 0x0,
    0xb6, 0xe, 0x0, 0x0, 0xe, 0x10, 0x3, 0xf0,
    0xe, 0xcc, 0xcc, 0xcf, 0x10, 0xb, 0x80, 0xe,
    0x0, 0x0, 0xe, 0x10, 0x8, 0x10, 0xe, 0x0,
    0x8, 0xeb, 0x0,

    /* U+6E90 "源" */
    0x1, 0x40, 0x0, 0x0, 0x0, 0x0, 0x0, 0x2,
    0xda, 0x1f, 0xff, 0xff, 0xff, 0xf8, 0x0, 0x7,
    0x2f, 0x0, 0xc, 0x10, 0x0, 0x0, 0x0, 0xf,
    0x28, 0xae, 0x88, 0x80, 0xc, 0x50, 0xf, 0x4b,
    0x22, 0x22, 0xf0, 0x3, 0xc7, 0x1f, 0x4e, 0xbb,
    0xbb, 0xf0, 0x0, 0x0, 0x2e, 0x4a, 0x11, 0x11,
    0xf0, 0x0, 0x2, 0x3d, 0x4e, 0xaa, 0xaa, 0xf0,
    0x0, 0x3d, 0x5b, 0x2, 0x1e, 0x32, 0x20, 0x0,
    0xa7, 0x97, 0x1d, 0xe, 0x18, 0x90, 0x2, 0xf1,
    0xd3, 0xa6, 0xe, 0x11, 0xe2, 0x9, 0x95, 0xd2,
    0xc0, 0xe, 0x10, 0x77, 0x7, 0x27, 0x40, 0x4,
    0xed, 0x0, 0x0,

    /* U+7247 "片" */
    0x0, 0x0, 0x0, 0x2, 0xe0, 0x0, 0x0, 0x4,
    0xd0, 0x0, 0x2e, 0x0, 0x0, 0x0, 0x4d, 0x0,
    0x2, 0xe0, 0x0, 0x0, 0x4, 0xd1, 0x11, 0x4e,
    0x11, 0x11, 0x0, 0x4f, 0xff, 0xff, 0xff, 0xff,
    0xd0, 0x4, 0xd0, 0x0, 0x0, 0x0, 0x0, 0x0,
    0x5c, 0x0, 0x0, 0x0, 0x0, 0x0, 0x7, 0xff,
    0xff, 0xff, 0xfa, 0x0, 0x0, 0x89, 0x11, 0x11,
    0x17, 0xb0, 0x0, 0xc, 0x40, 0x0, 0x0, 0x6b,
    0x0, 0x2, 0xf1, 0x0, 0x0, 0x6, 0xb0, 0x0,
    0xc8, 0x0, 0x0, 0x0, 0x6b, 0x0, 0x1b, 0x0,
    0x0, 0x0, 0x6, 0xb0, 0x0, 0x0, 0x0, 0x0,
    0x0, 0x0, 0x0,

    /* U+7528 "用" */
    0x0, 0xdf, 0xff, 0xff, 0xff, 0xff, 0x30, 0xd,
    0x30, 0x4, 0xd0, 0x0, 0xd3, 0x0, 0xd2, 0x0,
    0x3d, 0x0, 0xd, 0x30, 0xd, 0xcb, 0xbc, 0xfb,
    0xbb, 0xf3, 0x0, 0xd6, 0x33, 0x6d, 0x33, 0x3e,
    0x30, 0xe, 0x20, 0x3, 0xd0, 0x0, 0xd3, 0x0,
    0xf2, 0x0, 0x4d, 0x0, 0xd, 0x30, 0xf, 0xff,
    0xff, 0xff, 0xff, 0xf3, 0x2, 0xe0, 0x0, 0x3d,
    0x0, 0xd, 0x30, 0x7a, 0x0, 0x3, 0xd0, 0x0,
    0xd3, 0xd, 0x40, 0x0, 0x3d, 0x0, 0xe, 0x35,
    0xa0, 0x0, 0x3, 0xd0, 0xef, 0xd0, 0x0, 0x0,
    0x0, 0x0, 0x0, 0x0, 0x0,

    /* U+77ED "短" */
    0x2, 0x60, 0x0, 0x0, 0x0, 0x0, 0x0, 0x6,
    0xa0, 0x0, 0xbf, 0xff, 0xff, 0xf7, 0x9, 0xdc,
    0xb8, 0x0, 0x0, 0x0, 0x0, 0xe, 0x1f, 0x0,
    0x4e, 0xee, 0xee, 0xd0, 0x4a, 0xf, 0x0, 0x4b,
    0x0, 0x2, 0xe0, 0x3, 0x2f, 0x22, 0x4b, 0x0,
    0x1, 0xe0, 0x5f, 0xff, 0xfe, 0x4b, 0x0, 0x1,
    0xe0, 0x0, 0x2d, 0x0, 0x4f, 0xff, 0xff, 0xe0,
    0x0, 0x6f, 0x30, 0x4, 0x0, 0x5, 0x30, 0x0,
    0x9a, 0xd0, 0x9, 0x60, 0xe, 0x30, 0x1, 0xe1,
    0x99, 0x3, 0xc0, 0x4c, 0x0, 0xb, 0x80, 0x4,
    0x11, 0xa1, 0xa7, 0x10, 0x3b, 0x0, 0x5, 0xee,
    0xee, 0xee, 0xe8, 0x0, 0x0, 0x0, 0x0, 0x0,
    0x0, 0x0,

    /* U+786E "确" */
    0x0, 0x0, 0x0, 0x4, 0x50, 0x0, 0x0, 0x1f,
    0xff, 0xf9, 0xc, 0xec, 0xc7, 0x0, 0x0, 0x87,
    0x0, 0x4b, 0x1, 0xd6, 0x0, 0x0, 0xd3, 0x1,
    0xe3, 0x6, 0xc0, 0x0, 0x1, 0xe0, 0xb, 0xfe,
    0xef, 0xee, 0xf1, 0x7, 0xe9, 0x95, 0xa4, 0xe,
    0x0, 0xe1, 0xe, 0xc2, 0xb2, 0xae, 0xdf, 0xdd,
    0xf1, 0x4d, 0xb0, 0xb2, 0xa4, 0xe, 0x0, 0xe1,
    0x3, 0xb0, 0xb2, 0xb8, 0x6f, 0x66, 0xf1, 0x2,
    0xb0, 0xb2, 0xd8, 0x8f, 0x88, 0xf1, 0x2, 0xfc,
    0xf3, 0xd0, 0xe, 0x0, 0xe1, 0x2, 0xc2, 0x26,
    0x80, 0xe, 0x0, 0xe1, 0x1, 0x70, 0xd, 0x10,
    0xb, 0x5e, 0xc0, 0x0, 0x0, 0x0, 0x0, 0x0,
    0x0, 0x0,

    /* U+79BB "离" */
    0x0, 0x0, 0x0, 0x0, 0x0, 0x0, 0x0, 0x0,
    0x0, 0x0, 0xb3, 0x0, 0x0, 0x0, 0x1a, 0xaa,
    0xaa, 0xdd, 0xaa, 0xaa, 0xa1, 0x3, 0x44, 0x55,
    0x33, 0x64, 0x44, 0x30, 0x0, 0x96, 0x3b, 0x87,
    0xa1, 0x6a, 0x0, 0x0, 0x96, 0x6, 0xcc, 0x80,
    0x6a, 0x0, 0x0, 0x96, 0x86, 0x0, 0x56, 0x6a,
    0x0, 0x0, 0x8d, 0xdd, 0xee, 0xdd, 0xd8, 0x0,
    0x0, 0x0, 0x0, 0xd5, 0x0, 0x0, 0x0, 0x7,
    0xfe, 0xef, 0xfe, 0xee, 0xef, 0x80, 0x7, 0x80,
    0x1d, 0x20, 0xa2, 0x8, 0x80, 0x7, 0x81, 0xdb,
    0x89, 0xcd, 0x8, 0x80, 0x7, 0x80, 0x96, 0x53,
    0x15, 0x18, 0x80, 0x7, 0x80, 0x0, 0x0, 0x5,
    0xcd, 0x40, 0x0, 0x0, 0x0, 0x0, 0x0, 0x0,
    0x0,

    /* U+79CD "种" */
    0x0, 0x3, 0x87, 0x0, 0xd, 0x20, 0x0, 0xc,
    0xef, 0x83, 0x0, 0xd, 0x20, 0x0, 0x1, 0xe,
    0x10, 0x0, 0xd, 0x20, 0x0, 0x0, 0xe, 0x10,
    0x9f, 0xff, 0xff, 0xf1, 0x2e, 0xef, 0xfd, 0xa5,
    0x1e, 0x31, 0xe1, 0x0, 0x4f, 0x40, 0xa4, 0xd,
    0x20, 0xe1, 0x0, 0xbf, 0xd1, 0xa4, 0xd, 0x20,
    0xe1, 0x2, 0xde, 0x8a, 0xa7, 0x3e, 0x53, 0xe1,
    0xc, 0x5e, 0x27, 0xad, 0xcf, 0xdc, 0xf1, 0x5c,
    0xe, 0x10, 0x41, 0xd, 0x20, 0x40, 0x1, 0xe,
    0x10, 0x0, 0xd, 0x20, 0x0, 0x0, 0xe, 0x10,
    0x0, 0xd, 0x20, 0x0, 0x0, 0xe, 0x10, 0x0,
    0xd, 0x20, 0x0,

    /* U+79D2 "秒" */
    0x0, 0x3, 0x86, 0x0, 0x1e, 0x0, 0x0, 0x1c,
    0xef, 0x72, 0x0, 0x1e, 0x0, 0x0, 0x2, 0xf,
    0x0, 0x16, 0x1e, 0x9, 0x0, 0x0, 0xf, 0x0,
    0x4b, 0x1e, 0xa, 0x60, 0x5e, 0xff, 0xee, 0x78,
    0x1e, 0x3, 0xd0, 0x0, 0x6f, 0x30, 0xc4, 0x1e,
    0x0, 0xd3, 0x0, 0xdf, 0xc2, 0xd0, 0x1e, 0x0,
    0x31, 0x5, 0xaf, 0x5a, 0x0, 0x1e, 0x8, 0x80,
    0x1e, 0x2f, 0x1, 0x0, 0x19, 0x1f, 0x20, 0x68,
    0xf, 0x0, 0x0, 0x1, 0xd7, 0x0, 0x0, 0xf,
    0x0, 0x0, 0x4d, 0x90, 0x0, 0x0, 0xf, 0x1,
    0x6c, 0xe5, 0x0, 0x0, 0x0, 0xf, 0xa, 0xb5,
    0x0, 0x0, 0x0,

    /* U+7A7A "空" */
    0x0, 0x0, 0x1a, 0x0, 0x0, 0x0, 0x0, 0x0,
    0xd, 0x70, 0x0, 0x0, 0xef, 0xff, 0xff, 0xff,
    0xff, 0xff, 0xe1, 0x0, 0x0, 0x0, 0x0, 0x1f,
    0xe1, 0x1b, 0x90, 0xd, 0xa2, 0x1c, 0x37, 0xe7,
    0x0, 0x0, 0x6d, 0x91, 0x89, 0x10, 0x0, 0x0,
    0x0, 0x77, 0x7, 0xff, 0xff, 0xff, 0xff, 0x80,
    0x0, 0x0, 0xc, 0x40, 0x0, 0x0, 0x0, 0x0,
    0xc, 0x40, 0x0, 0x0, 0x0, 0x0, 0xc, 0x40,
    0x0, 0x0, 0x11, 0x11, 0x1d, 0x61, 0x11, 0x11,
    0xcd, 0xdd, 0xdd, 0xdd, 0xdd, 0xdd,

    /* U+7B26 "符" */
    0x0, 0x35, 0x0, 0x0, 0x52, 0x0, 0x0, 0x0,
    0xb9, 0x33, 0x31, 0xf5, 0x33, 0x31, 0x2, 0xec,
    0xfb, 0xa9, 0xdc, 0xfb, 0xb5, 0xd, 0x50, 0xe2,
    0x6d, 0x10, 0xd4, 0x0, 0x5, 0x2, 0x91, 0x22,
    0x0, 0x35, 0x0, 0x0, 0xc, 0x60, 0x0, 0x0,
    0x5b, 0x0, 0x0, 0x7e, 0xe, 0xee, 0xee, 0xff,
    0xe9, 0x6, 0xfe, 0x0, 0x20, 0x0, 0x4b, 0x0,
    0xd, 0x5e, 0x0, 0xd4, 0x0, 0x4b, 0x0, 0x0,
    0x1e, 0x0, 0x3e, 0x10, 0x4b, 0x0, 0x0, 0x1e,
    0x0, 0x7, 0x30, 0x4b, 0x0, 0x0, 0x1e, 0x0,
    0x0, 0x0, 0x5b, 0x0, 0x0, 0x1e, 0x0, 0x0,
    0xbf, 0xe6, 0x0, 0x0, 0x0, 0x0, 0x0, 0x0,
    0x0, 0x0,

    /* U+7B49 "等" */
    0x0, 0x0, 0x0, 0x0, 0x0, 0x0, 0x0, 0x0,
    0x69, 0x0, 0x0, 0xd2, 0x0, 0x0, 0x0, 0xde,
    0xcc, 0xc6, 0xfc, 0xcc, 0xc5, 0x7, 0x97, 0xa1,
    0x3e, 0x37, 0xb1, 0x10, 0x1c, 0x1, 0xb0, 0x7b,
    0x0, 0xc1, 0x0, 0x0, 0x9c, 0xcc, 0xef, 0xcc,
    0xcc, 0x30, 0x0, 0x1, 0x11, 0x6c, 0x11, 0x11,
    0x0, 0x3, 0x33, 0x33, 0x7c, 0x33, 0x33, 0x32,
    0x1b, 0xbb, 0xbb, 0xbb, 0xbd, 0xeb, 0xb6, 0x0,
    0x11, 0x11, 0x11, 0x18, 0xa1, 0x10, 0x9, 0xdd,
    0xed, 0xdd, 0xde, 0xfd, 0xd3, 0x0, 0x4, 0xd3,
    0x0, 0x7, 0x90, 0x0, 0x0, 0x0, 0x3e, 0x30,
    0x8, 0x90, 0x0, 0x0, 0x0, 0x1, 0xa, 0xfe,
    0x50, 0x0,

    /* U+7C7B "类" */
    0x0, 0x26, 0x0, 0x87, 0x0, 0x83, 0x0, 0x0,
    0xd, 0x60, 0x87, 0x5, 0xd0, 0x0, 0x0, 0x4,
    0x90, 0x98, 0x9, 0x30, 0x0, 0xe, 0xee, 0xef,
    0xff, 0xfe, 0xee, 0xe0, 0x0, 0x0, 0x5d, 0xcd,
    0xd7, 0x0, 0x0, 0x0, 0x5b, 0xd2, 0x87, 0x19,
    0xe8, 0x10, 0x1e, 0xd6, 0x0, 0x55, 0x0, 0x2a,
    0xc0, 0x2, 0x0, 0x0, 0x97, 0x0, 0x0, 0x10,
    0x4, 0x44, 0x44, 0xc8, 0x44, 0x44, 0x40, 0xb,
    0xbb, 0xbc, 0xff, 0xcb, 0xbb, 0xb1, 0x0, 0x0,
    0xc, 0x88, 0xb0, 0x0, 0x0, 0x0, 0x6, 0xda,
    0x0, 0x9e, 0x61, 0x0, 0x1c, 0xfb, 0x40, 0x0,
    0x4, 0xbf, 0xd3, 0x3, 0x0, 0x0, 0x0, 0x0,
    0x0, 0x30,

    /* U+7ED3 "结" */
    0x0, 0x1b, 0x0, 0x0, 0xf, 0x0, 0x0, 0x0,
    0x8b, 0x0, 0x0, 0xf, 0x0, 0x0, 0x0, 0xe3,
    0x4, 0xff, 0xff, 0xff, 0xf3, 0x8, 0xa0, 0x74,
    0x0, 0x1f, 0x10, 0x0, 0x4f, 0x77, 0xf2, 0x0,
    0xf, 0x0, 0x0, 0x4a, 0x8f, 0x70, 0xde, 0xef,
    0xee, 0xe0, 0x0, 0x9c, 0x0, 0x11, 0x11, 0x11,
    0x10, 0x6, 0xe1, 0x22, 0x0, 0x0, 0x0, 0x0,
    0x4f, 0xef, 0xd6, 0x8f, 0xee, 0xef, 0x90, 0x27,
    0x30, 0x0, 0x87, 0x0, 0x6, 0x90, 0x0, 0x1,
    0x44, 0x87, 0x0, 0x6, 0x90, 0x4b, 0xee, 0xb5,
    0x89, 0x33, 0x39, 0x90, 0x35, 0x20, 0x0, 0x8d,
    0xbb, 0xbc, 0x90,

    /* U+7EE7 "继" */
    0x0, 0x0, 0x0, 0x0, 0x0, 0x0, 0x0, 0x0,
    0x1c, 0x0, 0x0, 0x0, 0xe0, 0x0, 0x0, 0x6c,
    0x1, 0xe2, 0x30, 0xe0, 0x51, 0x0, 0xc5, 0x1,
    0xe1, 0xb0, 0xe0, 0xd0, 0x3, 0xd0, 0x42, 0xe0,
    0xc1, 0xe5, 0x70, 0xc, 0x50, 0xd3, 0xe0, 0x31,
    0xe3, 0x10, 0x4f, 0xdf, 0x71, 0xe9, 0xde, 0xfd,
    0xd6, 0x2, 0x4b, 0x1, 0xe0, 0xb, 0xf8, 0x0,
    0x2, 0xd2, 0x42, 0xe0, 0x68, 0xe8, 0x70, 0x1e,
    0xec, 0x93, 0xe4, 0xd0, 0xe0, 0xc3, 0x3, 0x0,
    0x1, 0xe4, 0x10, 0xe0, 0x10, 0x2, 0x59, 0xc6,
    0xe0, 0x0, 0x90, 0x0, 0x3c, 0x85, 0x11, 0xfc,
    0xcc, 0xcc, 0xc7, 0x0, 0x0, 0x0, 0x22, 0x22,
    0x22, 0x21,

    /* U+7EED "续" */
    0x0, 0x1b, 0x0, 0x0, 0x6a, 0x0, 0x0, 0x0,
    0x79, 0x0, 0xaa, 0xce, 0xaa, 0x30, 0x0, 0xd2,
    0x0, 0x33, 0x8b, 0x33, 0x10, 0x6, 0xa0, 0x70,
    0x11, 0x7a, 0x11, 0x10, 0x2e, 0x47, 0xb6, 0xdd,
    0xde, 0xdd, 0xd0, 0x4a, 0xae, 0x10, 0x2b, 0x2f,
    0x7, 0x70, 0x0, 0xb4, 0x2, 0x82, 0x6f, 0x1,
    0x0, 0x8, 0xc8, 0xa0, 0x69, 0x1e, 0x0, 0x0,
    0x4f, 0xa5, 0x18, 0xbb, 0xcf, 0xbb, 0xb0, 0x0,
    0x1, 0x52, 0x23, 0xd8, 0x42, 0x20, 0x5, 0xbe,
    0x80, 0x8, 0xd3, 0xd5, 0x0, 0x4a, 0x40, 0x2,
    0xac, 0x10, 0x1c, 0x70, 0x0, 0x0, 0xa, 0x70,
    0x0, 0x0, 0xa1,

    /* U+8003 "考" */
    0x0, 0x0, 0x2, 0xd0, 0x0, 0x0, 0x0, 0x0,
    0x0, 0x2, 0xd0, 0x0, 0x1c, 0x30, 0x0, 0xae,
    0xee, 0xfe, 0xee, 0xc5, 0x0, 0x0, 0x0, 0x2,
    0xd0, 0x3d, 0x40, 0x0, 0xd, 0xdd, 0xdd, 0xfd,
    0xfe, 0xdd, 0xd1, 0x1, 0x11, 0x13, 0xdc, 0x21,
    0x11, 0x10, 0x0, 0x0, 0x7f, 0xc2, 0x11, 0x11,
    0x0, 0x0, 0x6d, 0xff, 0xcc, 0xcc, 0xca, 0x0,
    0x3e, 0xb5, 0x98, 0x0, 0x0, 0x0, 0x0, 0x2,
    0x1, 0xdd, 0xdd, 0xdd, 0xf1, 0x0, 0x0, 0x0,
    0x0, 0x0, 0x2, 0xe0, 0x0, 0x0, 0x0, 0x0,
    0x0, 0x8, 0xa0, 0x0, 0x0, 0x0, 0x0, 0xcf,
    0xfe, 0x20, 0x0, 0x0, 0x0, 0x0, 0x0, 0x0,
    0x0, 0x0,

    /* U+81F3 "至" */
    0xb, 0xff, 0xff, 0xff, 0xff, 0xff, 0xf0, 0x0,
    0x0, 0x6e, 0x10, 0x2, 0x0, 0x0, 0x0, 0x4,
    0xf3, 0x0, 0x3e, 0x50, 0x0, 0x0, 0x3e, 0x40,
    0x0, 0x5, 0xf6, 0x0, 0x0, 0xff, 0xee, 0xee,
    0xdc, 0xce, 0x50, 0x0, 0x21, 0x0, 0x36, 0x0,
    0x3, 0x50, 0x0, 0x0, 0x0, 0x6a, 0x0, 0x0,
    0x0, 0x0, 0xdf, 0xff, 0xff, 0xff, 0xff, 0x40,
    0x0, 0x0, 0x0, 0x6a, 0x0, 0x0, 0x0, 0x0,
    0x0, 0x0, 0x6a, 0x0, 0x0, 0x0, 0x3, 0x33,
    0x33, 0x8c, 0x33, 0x33, 0x31, 0xc, 0xcc, 0xcc,
    0xcc, 0xcc, 0xcc, 0xc5,

    /* U+8BA1 "计" */
    0x0, 0x81, 0x0, 0x0, 0x5b, 0x0, 0x0, 0x0,
    0x7d, 0x10, 0x0, 0x5b, 0x0, 0x0, 0x0, 0x8,
    0x80, 0x0, 0x5b, 0x0, 0x0, 0x0, 0x0, 0x0,
    0x0, 0x5b, 0x0, 0x0, 0x25, 0x55, 0x1, 0x11,
    0x6c, 0x11, 0x10, 0x3a, 0xbe, 0xe, 0xff, 0xff,
    0xff, 0xf4, 0x0, 0x1e, 0x0, 0x0, 0x5b, 0x0,
    0x0, 0x0, 0x1e, 0x0, 0x0, 0x5b, 0x0, 0x0,
    0x0, 0x1e, 0x0, 0x0, 0x5b, 0x0, 0x0, 0x0,
    0x1e, 0x4, 0x0, 0x5b, 0x0, 0x0, 0x0, 0x2f,
    0xd8, 0x0, 0x5b, 0x0, 0x0, 0x0, 0x8e, 0x40,
    0x0, 0x5b, 0x0, 0x0, 0x0, 0x52, 0x0, 0x0,
    0x5b, 0x0, 0x0,

    /* U+8BA4 "认" */
    0x0, 0x61, 0x0, 0x0, 0x1f, 0x0, 0x0, 0x0,
    0x8d, 0x10, 0x0, 0x1e, 0x0, 0x0, 0x0, 0x9,
    0xa0, 0x0, 0x2e, 0x0, 0x0, 0x0, 0x0, 0x10,
    0x0, 0x2e, 0x0, 0x0, 0x2, 0x22, 0x0, 0x0,
    0x3d, 0x0, 0x0, 0x4d, 0xdf, 0x0, 0x0, 0x5f,
    0x0, 0x0, 0x0, 0xf, 0x0, 0x0, 0x7f, 0x20,
    0x0, 0x0, 0xf, 0x0, 0x0, 0xaf, 0x70, 0x0,
    0x0, 0xf, 0x0, 0x0, 0xf5, 0xc0, 0x0, 0x0,
    0xf, 0x4, 0x5, 0xd0, 0xc4, 0x0, 0x0, 0xf,
    0xbc, 0xc, 0x70, 0x6c, 0x0, 0x0, 0x5f, 0x70,
    0x8d, 0x0, 0xc, 0xa0, 0x0, 0x53, 0x7, 0xe2,
    0x0, 0x1, 0xd7, 0x0, 0x0, 0x0, 0x10, 0x0,
    0x0, 0x10,

    /* U+8BAE "议" */
    0x0, 0x0, 0x0, 0x0, 0x10, 0x0, 0x0, 0x0,
    0xd3, 0x3, 0x30, 0xe2, 0x2, 0x80, 0x0, 0x4e,
    0x16, 0xa0, 0x7a, 0x6, 0xa0, 0x0, 0x5, 0x1,
    0xe0, 0x1d, 0xa, 0x70, 0x2, 0x22, 0x0, 0xd2,
    0x0, 0xe, 0x30, 0x1d, 0xed, 0x0, 0x97, 0x0,
    0x2e, 0x0, 0x0, 0x2d, 0x0, 0x4e, 0x0, 0x89,
    0x0, 0x0, 0x2d, 0x0, 0xb, 0x60, 0xe2, 0x0,
    0x0, 0x2d, 0x0, 0x3, 0xe9, 0xa0, 0x0, 0x0,
    0x2d, 0x0, 0x0, 0xbf, 0x10, 0x0, 0x0, 0x2e,
    0x8b, 0x4, 0xee, 0xa0, 0x0, 0x0, 0x5f, 0xa1,
    0x8e, 0x31, 0xcc, 0x30, 0x0, 0x76, 0x2e, 0xb2,
    0x0, 0x8, 0xf8, 0x0, 0x0, 0x3, 0x0, 0x0,
    0x0, 0x11,

    /* U+8BD5 "试" */
    0x0, 0x81, 0x0, 0x0, 0x2, 0xe5, 0x50, 0x0,
    0x8d, 0x10, 0x0, 0x2, 0xe1, 0xd2, 0x0, 0x9,
    0x60, 0x0, 0x1, 0xf0, 0x43, 0x0, 0x0, 0xe,
    0xff, 0xff, 0xff, 0xfd, 0x7, 0x76, 0x0, 0x0,
    0x0, 0xf1, 0x0, 0x8, 0x9d, 0x0, 0x0, 0x0,
    0xf1, 0x0, 0x0, 0x2d, 0x7, 0xee, 0xe3, 0xd2,
    0x0, 0x0, 0x2d, 0x0, 0xf, 0x0, 0xc4, 0x0,
    0x0, 0x2d, 0x0, 0xf, 0x0, 0xa6, 0x0, 0x0,
    0x2d, 0x1, 0xf, 0x0, 0x79, 0x3, 0x0, 0x2e,
    0xb8, 0x4f, 0xcc, 0x4d, 0xd, 0x0, 0x8f, 0x69,
    0xd8, 0x30, 0xe, 0x9b, 0x0, 0x42, 0x0, 0x0,
    0x0, 0x5, 0xe4, 0x0, 0x0, 0x0, 0x0, 0x0,
    0x0, 0x0,

    /* U+8BF7 "请" */
    0x0, 0x60, 0x0, 0x0, 0x3c, 0x0, 0x0, 0x0,
    0xc8, 0x6, 0xcc, 0xdf, 0xcc, 0xc2, 0x0, 0xd,
    0x40, 0x11, 0x4c, 0x11, 0x10, 0x0, 0x1, 0x1,
    0xcc, 0xdf, 0xcc, 0x80, 0x16, 0x66, 0x4, 0x44,
    0x7d, 0x44, 0x42, 0x17, 0x8e, 0x6, 0x77, 0x77,
    0x77, 0x74, 0x0, 0x1e, 0x0, 0xbc, 0xcc, 0xcc,
    0x60, 0x0, 0x1e, 0x0, 0xe0, 0x0, 0x8, 0x70,
    0x0, 0x1e, 0x0, 0xec, 0xbb, 0xbe, 0x70, 0x0,
    0x1e, 0x2, 0xe0, 0x0, 0x8, 0x70, 0x0, 0x1f,
    0xc6, 0xec, 0xcc, 0xce, 0x70, 0x0, 0x7f, 0x50,
    0xe0, 0x0, 0x8, 0x70, 0x0, 0x52, 0x0, 0xe0,
    0x3, 0xed, 0x30,

    /* U+8C03 "调" */
    0x0, 0x10, 0x0, 0x0, 0x0, 0x0, 0x0, 0x1,
    0xe5, 0xa, 0xfe, 0xee, 0xee, 0xf1, 0x0, 0x2e,
    0x3a, 0x40, 0xa, 0x0, 0xd1, 0x0, 0x2, 0xa,
    0x45, 0x7e, 0x72, 0xd1, 0x2, 0x21, 0xa, 0x44,
    0x6e, 0x61, 0xd1, 0x2d, 0xec, 0xa, 0x42, 0x2d,
    0x21, 0xd1, 0x0, 0x3c, 0xa, 0x47, 0x77, 0x74,
    0xd1, 0x0, 0x3c, 0xa, 0x37, 0x99, 0x91, 0xd1,
    0x0, 0x3c, 0xc, 0x1b, 0x52, 0xa2, 0xd1, 0x0,
    0x3c, 0x1e, 0xb, 0x30, 0x92, 0xd1, 0x0, 0x3e,
    0xed, 0xb, 0xdc, 0xd1, 0xd1, 0x0, 0xad, 0x98,
    0x3, 0x0, 0x0, 0xe1, 0x0, 0x50, 0x91, 0x0,
    0x0, 0x6e, 0xc0, 0x0, 0x0, 0x0, 0x0, 0x0,
    0x0, 0x0,

    /* U+8DB3 "足" */
    0x0, 0xdf, 0xff, 0xff, 0xff, 0xfe, 0x0, 0x0,
    0xd3, 0x0, 0x0, 0x0, 0x2e, 0x0, 0x0, 0xd2,
    0x0, 0x0, 0x0, 0x2e, 0x0, 0x0, 0xd4, 0x11,
    0x11, 0x11, 0x3e, 0x0, 0x0, 0xce, 0xee, 0xfe,
    0xee, 0xed, 0x0, 0x0, 0x0, 0x0, 0xe2, 0x0,
    0x0, 0x0, 0x0, 0x4e, 0x0, 0xe3, 0x0, 0x0,
    0x0, 0x0, 0x7b, 0x0, 0xef, 0xee, 0xed, 0x0,
    0x0, 0xbf, 0x10, 0xe2, 0x0, 0x0, 0x0, 0x2,
    0xf7, 0xb0, 0xe2, 0x0, 0x0, 0x0, 0xb, 0x80,
    0x8d, 0xf5, 0x10, 0x0, 0x0, 0x5b, 0x0, 0x3,
    0x9d, 0xef, 0xff, 0xd0, 0x0, 0x0, 0x0, 0x0,
    0x0, 0x0, 0x0,

    /* U+8FBE "达" */
    0x4, 0x50, 0x0, 0x0, 0xc5, 0x0, 0x0, 0x3,
    0xe1, 0x0, 0x0, 0xc4, 0x0, 0x0, 0x0, 0x9a,
    0x0, 0x0, 0xd3, 0x0, 0x0, 0x0, 0x17, 0x4f,
    0xff, 0xff, 0xff, 0xf4, 0x0, 0x0, 0x0, 0x1,
    0xf0, 0x0, 0x0, 0x1b, 0xba, 0x0, 0x4, 0xf8,
    0x0, 0x0, 0x3, 0x5e, 0x0, 0x9, 0x7c, 0x70,
    0x0, 0x0, 0x2e, 0x0, 0x2e, 0x1, 0xd7, 0x0,
    0x0, 0x2e, 0x2, 0xd6, 0x0, 0x1e, 0x50, 0x0,
    0x2e, 0x1e, 0x70, 0x0, 0x4, 0xe0, 0x1, 0xce,
    0x52, 0x0, 0x0, 0x0, 0x10, 0xc, 0x70, 0xba,
    0x32, 0x1, 0x12, 0x43, 0x1b, 0x0, 0x5, 0xbd,
    0xee, 0xed, 0xd4, 0x0, 0x0, 0x0, 0x0, 0x0,
    0x0, 0x0,

    /* U+8FC7 "过" */
    0x2, 0x30, 0x0, 0x0, 0x0, 0xe2, 0x0, 0x4,
    0xe2, 0x0, 0x0, 0x0, 0xe2, 0x0, 0x0, 0x7c,
    0x0, 0x0, 0x0, 0xe2, 0x0, 0x0, 0x8, 0x3e,
    0xee, 0xee, 0xff, 0xe1, 0x0, 0x0, 0x0, 0x0,
    0x0, 0xe2, 0x0, 0xb, 0xba, 0x4, 0xd0, 0x0,
    0xe2, 0x0, 0x3, 0x5e, 0x0, 0xa9, 0x0, 0xe2,
    0x0, 0x0, 0x2e, 0x0, 0x1d, 0x10, 0xe2, 0x0,
    0x0, 0x2e, 0x0, 0x0, 0x0, 0xe2, 0x0, 0x0,
    0x2e, 0x0, 0x1, 0x22, 0xf1, 0x0, 0x0, 0x7d,
    0x20, 0x4, 0xed, 0xa0, 0x0, 0xb, 0x70, 0xaa,
    0x53, 0x23, 0x35, 0x73, 0xa, 0x0, 0x4, 0xab,
    0xdd, 0xcc, 0xb2, 0x0, 0x0, 0x0, 0x0, 0x0,
    0x0, 0x0,

    /* U+8FD1 "近" */
    0x2, 0x30, 0x0, 0x1, 0x24, 0x69, 0x90, 0x3,
    0xe3, 0x0, 0xfd, 0xca, 0x85, 0x20, 0x0, 0x4e,
    0x10, 0xf1, 0x0, 0x0, 0x0, 0x0, 0x2, 0x0,
    0xf1, 0x0, 0x0, 0x0, 0x0, 0x0, 0x0, 0xfd,
    0xcc, 0xcc, 0xc6, 0xe, 0xec, 0x1, 0xf2, 0x23,
    0xf2, 0x21, 0x1, 0x3e, 0x2, 0xe0, 0x1, 0xf0,
    0x0, 0x0, 0x2e, 0x4, 0xc0, 0x1, 0xf0, 0x0,
    0x0, 0x2e, 0x8, 0x90, 0x1, 0xf0, 0x0, 0x0,
    0x2e, 0xe, 0x30, 0x1, 0xf0, 0x0, 0x0, 0x8f,
    0x59, 0x0, 0x1, 0xd0, 0x0, 0xa, 0x91, 0xb9,
    0x42, 0x11, 0x23, 0x54, 0xb, 0x0, 0x5, 0xbd,
    0xee, 0xed, 0xd6, 0x0, 0x0, 0x0, 0x0, 0x0,
    0x0, 0x0,

    /* U+8FDC "远" */
    0x0, 0x0, 0x0, 0x0, 0x0, 0x0, 0x0, 0x9,
    0xa1, 0x4, 0xff, 0xff, 0xff, 0xc0, 0x0, 0x9e,
    0x10, 0x0, 0x0, 0x0, 0x0, 0x0, 0x3, 0x0,
    0x0, 0x0, 0x0, 0x0, 0x0, 0x0, 0x4d, 0xdd,
    0xdd, 0xdd, 0xd8, 0x2e, 0xeb, 0x1, 0x1d, 0x33,
    0xe1, 0x11, 0x0, 0x5b, 0x0, 0xf, 0x1, 0xd0,
    0x0, 0x0, 0x4b, 0x0, 0x2e, 0x1, 0xd0, 0x0,
    0x0, 0x4b, 0x0, 0x99, 0x1, 0xd0, 0x37, 0x0,
    0x4b, 0x6, 0xe1, 0x1, 0xe1, 0x69, 0x0, 0x4c,
    0x6b, 0x20, 0x0, 0xbd, 0xd3, 0x5, 0xc6, 0xb6,
    0x10, 0x0, 0x0, 0x13, 0xd, 0x10, 0x17, 0xde,
    0xff, 0xff, 0xfb, 0x0, 0x0, 0x0, 0x0, 0x0,
    0x0, 0x0,

    /* U+9002 "适" */
    0x0, 0x0, 0x0, 0x0, 0x0, 0x25, 0x0, 0x1c,
    0x10, 0x17, 0x9b, 0xce, 0xd9, 0x10, 0x6, 0xd1,
    0x6, 0x53, 0xe3, 0x0, 0x0, 0x0, 0x73, 0x11,
    0x11, 0xd4, 0x11, 0x10, 0x0, 0x0, 0xcd, 0xdd,
    0xfd, 0xdd, 0xd1, 0x7b, 0xb2, 0x0, 0x0, 0xd2,
    0x0, 0x0, 0x0, 0xc3, 0xa, 0xdd, 0xfd, 0xdd,
    0x10, 0x0, 0xb3, 0xc, 0x30, 0x0, 0xe, 0x20,
    0x0, 0xb3, 0xc, 0x30, 0x0, 0xe, 0x20, 0x0,
    0xb3, 0xc, 0xba, 0xaa, 0xaf, 0x20, 0x1, 0xe9,
    0x2, 0x33, 0x33, 0x33, 0x0, 0x2e, 0x79, 0xc5,
    0x10, 0x0, 0x2, 0x40, 0x77, 0x0, 0x39, 0xde,
    0xfe, 0xee, 0xd0, 0x0, 0x0, 0x0, 0x0, 0x0,
    0x0, 0x0,

    /* U+9009 "选" */
    0x3, 0x10, 0x0, 0x43, 0x1e, 0x0, 0x0, 0x8,
    0xd1, 0x0, 0xd5, 0x1e, 0x0, 0x0, 0x0, 0x9c,
    0x3, 0xfe, 0xef, 0xee, 0xe0, 0x0, 0x5, 0xd,
    0x60, 0x1e, 0x0, 0x0, 0x0, 0x0, 0x5, 0x0,
    0x1e, 0x0, 0x0, 0x2, 0x22, 0x2b, 0xbb, 0xbf,
    0xbb, 0xb6, 0xc, 0xdb, 0x14, 0x4c, 0x95, 0xf4,
    0x42, 0x0, 0x4b, 0x0, 0xe, 0x30, 0xe0, 0x0,
    0x0, 0x4b, 0x0, 0x5d, 0x0, 0xe0, 0x25, 0x0,
    0x4b, 0x6, 0xf4, 0x0, 0xf1, 0x6a, 0x0, 0x4c,
    0x5c, 0x30, 0x0, 0xce, 0xe4, 0x2, 0xcd, 0xc5,
    0x10, 0x0, 0x0, 0x1, 0xd, 0x60, 0x39, 0xef,
    0xee, 0xff, 0xfa, 0x0, 0x0, 0x0, 0x0, 0x11,
    0x0, 0x0,

    /* U+914D "配" */
    0x1, 0x11, 0x11, 0x10, 0x0, 0x0, 0x0, 0x2d,
    0xde, 0xfd, 0xd4, 0xff, 0xff, 0xf0, 0x0, 0x28,
    0x92, 0x0, 0x0, 0x0, 0xf0, 0xc, 0xef, 0xfe,
    0xa0, 0x0, 0x0, 0xf0, 0xd, 0x18, 0x92, 0xb0,
    0x0, 0x0, 0xf0, 0xd, 0x17, 0x91, 0xb2, 0xdd,
    0xdd, 0xf0, 0xd, 0x45, 0x92, 0xb3, 0xd3, 0x33,
    0xf0, 0xd, 0xa0, 0x5a, 0xb3, 0xd0, 0x0, 0x50,
    0xd, 0x0, 0x1, 0xb3, 0xd0, 0x0, 0x0, 0xd,
    0xcc, 0xcc, 0xb3, 0xd0, 0x0, 0x20, 0xd, 0x0,
    0x1, 0xb3, 0xd0, 0x0, 0x77, 0xd, 0xdd, 0xdd,
    0xb2, 0xe0, 0x0, 0xa5, 0xd, 0x0, 0x1, 0xa0,
    0xcf, 0xff, 0xd1, 0x1, 0x0, 0x0, 0x0, 0x0,
    0x0, 0x0,

    /* U+91C7 "采" */
    0x0, 0x0, 0x0, 0x12, 0x46, 0x89, 0x0, 0x7,
    0xde, 0xff, 0xed, 0xba, 0x85, 0x10, 0x1, 0x31,
    0x1, 0x70, 0x0, 0x9, 0x10, 0x0, 0xc5, 0x0,
    0xe3, 0x0, 0x7c, 0x0, 0x0, 0x3e, 0x0, 0x88,
    0x1, 0xe3, 0x0, 0x0, 0x9, 0x10, 0x75, 0x9,
    0x80, 0x0, 0x1, 0x11, 0x11, 0xa8, 0x12, 0x11,
    0x10, 0x2f, 0xff, 0xff, 0xff, 0xff, 0xff, 0xf2,
    0x0, 0x0, 0x2d, 0xed, 0xd1, 0x0, 0x0, 0x0,
    0x2, 0xe6, 0x98, 0x6e, 0x20, 0x0, 0x0, 0x7e,
    0x50, 0x98, 0x5, 0xe7, 0x0, 0x3e, 0xc2, 0x0,
    0x98, 0x0, 0x2b, 0xe3, 0x4, 0x0, 0x0, 0x98,
    0x0, 0x0, 0x40,

    /* U+91CD "重" */
    0x0, 0x0, 0x0, 0x1, 0x34, 0x65, 0x0, 0x0,
    0xbd, 0xdd, 0xee, 0xa9, 0x74, 0x0, 0x4, 0x44,
    0x44, 0x8c, 0x44, 0x44, 0x41, 0x7, 0x77, 0x77,
    0xad, 0x77, 0x77, 0x73, 0x0, 0x7c, 0xcc, 0xde,
    0xcc, 0xcc, 0x0, 0x0, 0x96, 0x0, 0x6a, 0x0,
    0xf, 0x0, 0x0, 0x9d, 0xbb, 0xde, 0xbb, 0xbf,
    0x0, 0x0, 0x96, 0x0, 0x6a, 0x0, 0xf, 0x0,
    0x0, 0x7c, 0xcc, 0xde, 0xcc, 0xcc, 0x0, 0x0,
    0x0, 0x0, 0x6a, 0x0, 0x0, 0x0, 0x0, 0xcc,
    0xcc, 0xee, 0xcc, 0xcc, 0x70, 0x0, 0x0, 0x0,
    0x6a, 0x0, 0x0, 0x0, 0x1d, 0xdd, 0xdd, 0xdd,
    0xdd, 0xdd, 0xd6,

    /* U+957F "长" */
    0x0, 0x8, 0x80, 0x0, 0x0, 0x65, 0x0, 0x0,
    0x8, 0x80, 0x0, 0x6, 0xe2, 0x0, 0x0, 0x8,
    0x80, 0x0, 0x9e, 0x20, 0x0, 0x0, 0x8, 0x80,
    0x6e, 0xb1, 0x0, 0x0, 0x0, 0x8, 0x82, 0xe6,
    0x0, 0x0, 0x0, 0x1, 0x19, 0x91, 0x11, 0x11,
    0x11, 0x10, 0x3f, 0xff, 0xff, 0xff, 0xff, 0xff,
    0xf3, 0x0, 0x8, 0x80, 0xe, 0x20, 0x0, 0x0,
    0x0, 0x8, 0x80, 0x7, 0xb0, 0x0, 0x0, 0x0,
    0x8, 0x80, 0x0, 0xc9, 0x0, 0x0, 0x0, 0x8,
    0x80, 0x0, 0x1d, 0xa1, 0x0, 0x0, 0x9, 0xb9,
    0xde, 0x1, 0xbe, 0x81, 0x0, 0xe, 0xc8, 0x30,
    0x0, 0x4, 0xb2, 0x0, 0x1, 0x0, 0x0, 0x0,
    0x0, 0x0,

    /* U+96C6 "集" */
    0x0, 0x3, 0x50, 0x15, 0x0, 0x0, 0x0, 0x0,
    0xd, 0x70, 0x1e, 0x20, 0x0, 0x0, 0x0, 0x9e,
    0xcc, 0xdf, 0xcc, 0xcc, 0x50, 0x9, 0xfb, 0x55,
    0x6f, 0x55, 0x54, 0x0, 0x2a, 0x8b, 0x55, 0x6f,
    0x55, 0x54, 0x0, 0x0, 0x7e, 0xbb, 0xcf, 0xbb,
    0xba, 0x0, 0x0, 0x79, 0x0, 0xe, 0x0, 0x0,
    0x0, 0x0, 0x7e, 0xdd, 0xff, 0xdd, 0xdd, 0xb0,
    0x0, 0x11, 0x0, 0x78, 0x0, 0x0, 0x0, 0x1e,
    0xee, 0xef, 0xff, 0xfe, 0xee, 0xe6, 0x0, 0x0,
    0x8c, 0xab, 0xb9, 0x20, 0x0, 0x3, 0x9d, 0x70,
    0x78, 0x5, 0xdb, 0x61, 0x2b, 0x60, 0x0, 0x78,
    0x0, 0x4, 0x93,

    /* U+96F7 "雷" */
    0x1d, 0xdd, 0xdf, 0xed, 0xdd, 0xd3, 0x2, 0x22,
    0x22, 0xd6, 0x22, 0x22, 0x20, 0xea, 0xaa, 0xae,
    0xca, 0xaa, 0xaf, 0x1e, 0x26, 0x63, 0xc3, 0x66,
    0x63, 0xd1, 0xd1, 0x44, 0x2c, 0x34, 0x44, 0x2c,
    0x10, 0x7b, 0xb6, 0xc3, 0xbb, 0xb9, 0x0, 0x1,
    0x22, 0x26, 0x32, 0x22, 0x20, 0x0, 0xcc, 0xaa,
    0xec, 0xaa, 0xbe, 0x0, 0xc, 0x41, 0x1c, 0x51,
    0x13, 0xe0, 0x0, 0xcc, 0xbb, 0xfc, 0xbb, 0xce,
    0x0, 0xc, 0x30, 0xc, 0x30, 0x1, 0xe0, 0x0,
    0xcd, 0xdd, 0xdd, 0xdd, 0xdd, 0x0,

    /* U+9760 "靠" */
    0x0, 0x1c, 0x0, 0x88, 0x0, 0x0, 0x0, 0x0,
    0xad, 0xbb, 0xde, 0xbb, 0xbb, 0x0, 0x7, 0xf6,
    0x55, 0xbb, 0x55, 0x55, 0x50, 0x7, 0x77, 0x77,
    0x77, 0x77, 0x77, 0x70, 0x0, 0x7b, 0xbb, 0xbb,
    0xbb, 0xba, 0x0, 0x0, 0x96, 0x0, 0x0, 0x0,
    0x3d, 0x0, 0x0, 0x7b, 0xbd, 0xbb, 0xdb, 0xb9,
    0x0, 0x0, 0x0, 0xf, 0x0, 0xf0, 0x0, 0x0,
    0xb, 0xbb, 0xbf, 0x0, 0xfb, 0xbb, 0xb0, 0x4,
    0x77, 0x7f, 0x0, 0xf7, 0x77, 0x50, 0x2, 0x33,
    0x3f, 0x0, 0xf3, 0x22, 0x20, 0x3b, 0xbb, 0xbf,
    0x0, 0xfc, 0xcc, 0xc5, 0x0, 0x0, 0xf, 0x0,
    0xf0, 0x0, 0x0,

    /* U+97F3 "音" */
    0x0, 0x0, 0x0, 0x0, 0x0, 0x0, 0x0, 0x0,
    0x0, 0x0, 0xb6, 0x0, 0x0, 0x0, 0x4, 0xbb,
    0xbb, 0xde, 0xbb, 0xbb, 0x60, 0x1, 0x37, 0x93,
    0x33, 0x39, 0x93, 0x20, 0x0, 0x3, 0xe0, 0x0,
    0xd, 0x50, 0x0, 0x0, 0x0, 0xe4, 0x0, 0x3e,
    0x0, 0x0, 0x3f, 0xff, 0xff, 0xff, 0xff, 0xff,
    0xf3, 0x0, 0x0, 0x0, 0x0, 0x0, 0x0, 0x0,
    0x0, 0x4f, 0xee, 0xee, 0xee, 0xf7, 0x0, 0x0,
    0x4b, 0x0, 0x0, 0x0, 0xa7, 0x0, 0x0, 0x4f,
    0xdd, 0xdd, 0xdd, 0xf7, 0x0, 0x0, 0x4b, 0x0,
    0x0, 0x0, 0xa7, 0x0, 0x0, 0x4c, 0x11, 0x11,
    0x11, 0xa7, 0x0, 0x0, 0x4f, 0xdd, 0xdd, 0xdd,
    0xe7, 0x0
};


/*---------------------
 *  GLYPH DESCRIPTION
 *--------------------*/

static const lv_font_fmt_txt_glyph_dsc_t glyph_dsc[] = {
    {.bitmap_index = 0, .adv_w = 0, .box_w = 0, .box_h = 0, .ofs_x = 0, .ofs_y = 0} /* id = 0 reserved */,
    {.bitmap_index = 0, .adv_w = 50, .box_w = 0, .box_h = 0, .ofs_x = 0, .ofs_y = 0},
    {.bitmap_index = 0, .adv_w = 72, .box_w = 3, .box_h = 11, .ofs_x = 1, .ofs_y = 0},
    {.bitmap_index = 17, .adv_w = 106, .box_w = 5, .box_h = 5, .ofs_x = 1, .ofs_y = 6},
    {.bitmap_index = 30, .adv_w = 124, .box_w = 8, .box_h = 11, .ofs_x = 0, .ofs_y = 0},
    {.bitmap_index = 74, .adv_w = 124, .box_w = 7, .box_h = 14, .ofs_x = 0, .ofs_y = -2},
    {.bitmap_index = 123, .adv_w = 206, .box_w = 13, .box_h = 11, .ofs_x = 0, .ofs_y = 0},
    {.bitmap_index = 195, .adv_w = 152, .box_w = 10, .box_h = 11, .ofs_x = 0, .ofs_y = 0},
    {.bitmap_index = 250, .adv_w = 62, .box_w = 2, .box_h = 5, .ofs_x = 1, .ofs_y = 6},
    {.bitmap_index = 255, .adv_w = 76, .box_w = 4, .box_h = 15, .ofs_x = 1, .ofs_y = -3},
    {.bitmap_index = 285, .adv_w = 76, .box_w = 4, .box_h = 15, .ofs_x = 0, .ofs_y = -3},
    {.bitmap_index = 315, .adv_w = 105, .box_w = 6, .box_h = 5, .ofs_x = 0, .ofs_y = 6},
    {.bitmap_index = 330, .adv_w = 124, .box_w = 8, .box_h = 8, .ofs_x = 0, .ofs_y = 2},
    {.bitmap_index = 362, .adv_w = 62, .box_w = 4, .box_h = 5, .ofs_x = 0, .ofs_y = -3},
    {.bitmap_index = 372, .adv_w = 78, .box_w = 5, .box_h = 2, .ofs_x = 0, .ofs_y = 3},
    {.bitmap_index = 377, .adv_w = 62, .box_w = 2, .box_h = 2, .ofs_x = 1, .ofs_y = 0},
    {.bitmap_index = 379, .adv_w = 88, .box_w = 6, .box_h = 14, .ofs_x = 0, .ofs_y = -3},
    {.bitmap_index = 421, .adv_w = 124, .box_w = 8, .box_h = 11, .ofs_x = 0, .ofs_y = 0},
    {.bitmap_index = 465, .adv_w = 124, .box_w = 6, .box_h = 11, .ofs_x = 1, .ofs_y = 0},
    {.bitmap_index = 498, .adv_w = 124, .box_w = 8, .box_h = 11, .ofs_x = 0, .ofs_y = 0},
    {.bitmap_index = 542, .adv_w = 124, .box_w = 7, .box_h = 11, .ofs_x = 0, .ofs_y = 0},
    {.bitmap_index = 581, .adv_w = 124, .box_w = 8, .box_h = 11, .ofs_x = 0, .ofs_y = 0},
    {.bitmap_index = 625, .adv_w = 124, .box_w = 8, .box_h = 11, .ofs_x = 0, .ofs_y = 0},
    {.bitmap_index = 669, .adv_w = 124, .box_w = 8, .box_h = 11, .ofs_x = 0, .ofs_y = 0},
    {.bitmap_index = 713, .adv_w = 124, .box_w = 8, .box_h = 11, .ofs_x = 0, .ofs_y = 0},
    {.bitmap_index = 757, .adv_w = 124, .box_w = 8, .box_h = 11, .ofs_x = 0, .ofs_y = 0},
    {.bitmap_index = 801, .adv_w = 124, .box_w = 8, .box_h = 11, .ofs_x = 0, .ofs_y = 0},
    {.bitmap_index = 845, .adv_w = 62, .box_w = 2, .box_h = 8, .ofs_x = 1, .ofs_y = 0},
    {.bitmap_index = 853, .adv_w = 62, .box_w = 4, .box_h = 11, .ofs_x = 0, .ofs_y = -3},
    {.bitmap_index = 875, .adv_w = 124, .box_w = 8, .box_h = 7, .ofs_x = 0, .ofs_y = 2},
    {.bitmap_index = 903, .adv_w = 124, .box_w = 8, .box_h = 4, .ofs_x = 0, .ofs_y = 4},
    {.bitmap_index = 919, .adv_w = 124, .box_w = 8, .box_h = 7, .ofs_x = 0, .ofs_y = 2},
    {.bitmap_index = 947, .adv_w = 106, .box_w = 6, .box_h = 11, .ofs_x = 0, .ofs_y = 0},
    {.bitmap_index = 980, .adv_w = 212, .box_w = 13, .box_h = 13, .ofs_x = 0, .ofs_y = -2},
    {.bitmap_index = 1065, .adv_w = 136, .box_w = 9, .box_h = 11, .ofs_x = 0, .ofs_y = 0},
    {.bitmap_index = 1115, .adv_w = 147, .box_w = 8, .box_h = 11, .ofs_x = 1, .ofs_y = 0},
    {.bitmap_index = 1159, .adv_w = 143, .box_w = 9, .box_h = 11, .ofs_x = 0, .ofs_y = 0},
    {.bitmap_index = 1209, .adv_w = 154, .box_w = 8, .box_h = 11, .ofs_x = 1, .ofs_y = 0},
    {.bitmap_index = 1253, .adv_w = 132, .box_w = 7, .box_h = 11, .ofs_x = 1, .ofs_y = 0},
    {.bitmap_index = 1292, .adv_w = 124, .box_w = 7, .box_h = 11, .ofs_x = 1, .ofs_y = 0},
    {.bitmap_index = 1331, .adv_w = 154, .box_w = 9, .box_h = 11, .ofs_x = 0, .ofs_y = 0},
    {.bitmap_index = 1381, .adv_w = 163, .box_w = 8, .box_h = 11, .ofs_x = 1, .ofs_y = 0},
    {.bitmap_index = 1425, .adv_w = 66, .box_w = 2, .box_h = 11, .ofs_x = 1, .ofs_y = 0},
    {.bitmap_index = 1436, .adv_w = 120, .box_w = 7, .box_h = 11, .ofs_x = 0, .ofs_y = 0},
    {.bitmap_index = 1475, .adv_w = 145, .box_w = 8, .box_h = 11, .ofs_x = 1, .ofs_y = 0},
    {.bitmap_index = 1519, .adv_w = 122, .box_w = 7, .box_h = 11, .ofs_x = 1, .ofs_y = 0},
    {.bitmap_index = 1558, .adv_w = 182, .box_w = 9, .box_h = 11, .ofs_x = 1, .ofs_y = 0},
    {.bitmap_index = 1608, .adv_w = 162, .box_w = 8, .box_h = 11, .ofs_x = 1, .ofs_y = 0},
    {.bitmap_index = 1652, .adv_w = 166, .box_w = 10, .box_h = 11, .ofs_x = 0, .ofs_y = 0},
    {.bitmap_index = 1707, .adv_w = 142, .box_w = 8, .box_h = 11, .ofs_x = 1, .ofs_y = 0},
    {.bitmap_index = 1751, .adv_w = 166, .box_w = 10, .box_h = 14, .ofs_x = 0, .ofs_y = -3},
    {.bitmap_index = 1821, .adv_w = 142, .box_w = 8, .box_h = 11, .ofs_x = 1, .ofs_y = 0},
    {.bitmap_index = 1865, .adv_w = 134, .box_w = 8, .box_h = 11, .ofs_x = 0, .ofs_y = 0},
    {.bitmap_index = 1909, .adv_w = 134, .box_w = 8, .box_h = 11, .ofs_x = 0, .ofs_y = 0},
    {.bitmap_index = 1953, .adv_w = 162, .box_w = 8, .box_h = 11, .ofs_x = 1, .ofs_y = 0},
    {.bitmap_index = 1997, .adv_w = 129, .box_w = 9, .box_h = 11, .ofs_x = 0, .ofs_y = 0},
    {.bitmap_index = 2047, .adv_w = 197, .box_w = 12, .box_h = 11, .ofs_x = 0, .ofs_y = 0},
    {.bitmap_index = 2113, .adv_w = 128, .box_w = 8, .box_h = 11, .ofs_x = 0, .ofs_y = 0},
    {.bitmap_index = 2157, .adv_w = 119, .box_w = 9, .box_h = 11, .ofs_x = -1, .ofs_y = 0},
    {.bitmap_index = 2207, .adv_w = 135, .box_w = 8, .box_h = 11, .ofs_x = 0, .ofs_y = 0},
    {.bitmap_index = 2251, .adv_w = 76, .box_w = 4, .box_h = 14, .ofs_x = 1, .ofs_y = -3},
    {.bitmap_index = 2279, .adv_w = 88, .box_w = 6, .box_h = 14, .ofs_x = 0, .ofs_y = -3},
    {.bitmap_index = 2321, .adv_w = 76, .box_w = 4, .box_h = 14, .ofs_x = 0, .ofs_y = -3},
    {.bitmap_index = 2349, .adv_w = 124, .box_w = 7, .box_h = 6, .ofs_x = 0, .ofs_y = 5},
    {.bitmap_index = 2370, .adv_w = 125, .box_w = 8, .box_h = 1, .ofs_x = 0, .ofs_y = -2},
    {.bitmap_index = 2374, .adv_w = 136, .box_w = 4, .box_h = 4, .ofs_x = 2, .ofs_y = 9},
    {.bitmap_index = 2382, .adv_w = 126, .box_w = 7, .box_h = 8, .ofs_x = 0, .ofs_y = 0},
    {.bitmap_index = 2410, .adv_w = 138, .box_w = 7, .box_h = 11, .ofs_x = 1, .ofs_y = 0},
    {.bitmap_index = 2449, .adv_w = 114, .box_w = 7, .box_h = 8, .ofs_x = 0, .ofs_y = 0},
    {.bitmap_index = 2477, .adv_w = 139, .box_w = 8, .box_h = 11, .ofs_x = 0, .ofs_y = 0},
    {.bitmap_index = 2521, .adv_w = 124, .box_w = 8, .box_h = 8, .ofs_x = 0, .ofs_y = 0},
    {.bitmap_index = 2553, .adv_w = 73, .box_w = 5, .box_h = 11, .ofs_x = 0, .ofs_y = 0},
    {.bitmap_index = 2581, .adv_w = 126, .box_w = 8, .box_h = 11, .ofs_x = 0, .ofs_y = -3},
    {.bitmap_index = 2625, .adv_w = 136, .box_w = 7, .box_h = 11, .ofs_x = 1, .ofs_y = 0},
    {.bitmap_index = 2664, .adv_w = 62, .box_w = 2, .box_h = 11, .ofs_x = 1, .ofs_y = 0},
    {.bitmap_index = 2675, .adv_w = 62, .box_w = 4, .box_h = 14, .ofs_x = -1, .ofs_y = -3},
    {.bitmap_index = 2703, .adv_w = 124, .box_w = 7, .box_h = 11, .ofs_x = 1, .ofs_y = 0},
    {.bitmap_index = 2742, .adv_w = 64, .box_w = 3, .box_h = 11, .ofs_x = 1, .ofs_y = 0},
    {.bitmap_index = 2759, .adv_w = 207, .box_w = 11, .box_h = 8, .ofs_x = 1, .ofs_y = 0},
    {.bitmap_index = 2803, .adv_w = 137, .box_w = 7, .box_h = 8, .ofs_x = 1, .ofs_y = 0},
    {.bitmap_index = 2831, .adv_w = 136, .box_w = 8, .box_h = 8, .ofs_x = 0, .ofs_y = 0},
    {.bitmap_index = 2863, .adv_w = 139, .box_w = 7, .box_h = 11, .ofs_x = 1, .ofs_y = -3},
    {.bitmap_index = 2902, .adv_w = 139, .box_w = 8, .box_h = 11, .ofs_x = 0, .ofs_y = -3},
    {.bitmap_index = 2946, .adv_w = 87, .box_w = 5, .box_h = 8, .ofs_x = 1, .ofs_y = 0},
    {.bitmap_index = 2966, .adv_w = 105, .box_w = 7, .box_h = 8, .ofs_x = 0, .ofs_y = 0},
    {.bitmap_index = 2994, .adv_w = 84, .box_w = 6, .box_h = 10, .ofs_x = 0, .ofs_y = 0},
    {.bitmap_index = 3024, .adv_w = 136, .box_w = 7, .box_h = 8, .ofs_x = 1, .ofs_y = 0},
    {.bitmap_index = 3052, .adv_w = 117, .box_w = 8, .box_h = 8, .ofs_x = 0, .ofs_y = 0},
    {.bitmap_index = 3084, .adv_w = 180, .box_w = 11, .box_h = 8, .ofs_x = 0, .ofs_y = 0},
    {.bitmap_index = 3128, .adv_w = 112, .box_w = 7, .box_h = 8, .ofs_x = 0, .ofs_y = 0},
    {.bitmap_index = 3156, .adv_w = 117, .box_w = 8, .box_h = 11, .ofs_x = 0, .ofs_y = -3},
    {.bitmap_index = 3200, .adv_w = 106, .box_w = 7, .box_h = 8, .ofs_x = 0, .ofs_y = 0},
    {.bitmap_index = 3228, .adv_w = 76, .box_w = 5, .box_h = 14, .ofs_x = 0, .ofs_y = -3},
    {.bitmap_index = 3263, .adv_w = 60, .box_w = 2, .box_h = 16, .ofs_x = 1, .ofs_y = -4},
    {.bitmap_index = 3279, .adv_w = 76, .box_w = 5, .box_h = 14, .ofs_x = 0, .ofs_y = -3},
    {.bitmap_index = 3314, .adv_w = 124, .box_w = 8, .box_h = 2, .ofs_x = 0, .ofs_y = 4},
    {.bitmap_index = 3322, .adv_w = 224, .box_w = 14, .box_h = 13, .ofs_x = 0, .ofs_y = -1},
    {.bitmap_index = 3413, .adv_w = 224, .box_w = 14, .box_h = 12, .ofs_x = 0, .ofs_y = -1},
    {.bitmap_index = 3497, .adv_w = 224, .box_w = 14, .box_h = 12, .ofs_x = 0, .ofs_y = -1},
    {.bitmap_index = 3581, .adv_w = 224, .box_w = 14, .box_h = 13, .ofs_x = 0, .ofs_y = -1},
    {.bitmap_index = 3672, .adv_w = 224, .box_w = 14, .box_h = 14, .ofs_x = 0, .ofs_y = -2},
    {.bitmap_index = 3770, .adv_w = 224, .box_w = 14, .box_h = 14, .ofs_x = 0, .ofs_y = -2},
    {.bitmap_index = 3868, .adv_w = 224, .box_w = 14, .box_h = 14, .ofs_x = 0, .ofs_y = -1},
    {.bitmap_index = 3966, .adv_w = 224, .box_w = 14, .box_h = 14, .ofs_x = 0, .ofs_y = -2},
    {.bitmap_index = 4064, .adv_w = 224, .box_w = 14, .box_h = 13, .ofs_x = 0, .ofs_y = -1},
    {.bitmap_index = 4155, .adv_w = 224, .box_w = 14, .box_h = 15, .ofs_x = 0, .ofs_y = -2},
    {.bitmap_index = 4260, .adv_w = 224, .box_w = 14, .box_h = 13, .ofs_x = 0, .ofs_y = -1},
    {.bitmap_index = 4351, .adv_w = 224, .box_w = 14, .box_h = 14, .ofs_x = 0, .ofs_y = -2},
    {.bitmap_index = 4449, .adv_w = 224, .box_w = 13, .box_h = 13, .ofs_x = 0, .ofs_y = -1},
    {.bitmap_index = 4534, .adv_w = 224, .box_w = 12, .box_h = 13, .ofs_x = 1, .ofs_y = -1},
    {.bitmap_index = 4612, .adv_w = 224, .box_w = 14, .box_h = 13, .ofs_x = 0, .ofs_y = -2},
    {.bitmap_index = 4703, .adv_w = 224, .box_w = 13, .box_h = 14, .ofs_x = 0, .ofs_y = -2},
    {.bitmap_index = 4794, .adv_w = 224, .box_w = 12, .box_h = 12, .ofs_x = 1, .ofs_y = -1},
    {.bitmap_index = 4866, .adv_w = 224, .box_w = 14, .box_h = 13, .ofs_x = 0, .ofs_y = -1},
    {.bitmap_index = 4957, .adv_w = 224, .box_w = 14, .box_h = 15, .ofs_x = 0, .ofs_y = -2},
    {.bitmap_index = 5062, .adv_w = 224, .box_w = 14, .box_h = 13, .ofs_x = 0, .ofs_y = -2},
    {.bitmap_index = 5153, .adv_w = 224, .box_w = 14, .box_h = 12, .ofs_x = 0, .ofs_y = -1},
    {.bitmap_index = 5237, .adv_w = 224, .box_w = 14, .box_h = 13, .ofs_x = 0, .ofs_y = -1},
    {.bitmap_index = 5328, .adv_w = 224, .box_w = 12, .box_h = 12, .ofs_x = 1, .ofs_y = -1},
    {.bitmap_index = 5400, .adv_w = 224, .box_w = 14, .box_h = 13, .ofs_x = 0, .ofs_y = -1},
    {.bitmap_index = 5491, .adv_w = 224, .box_w = 13, .box_h = 13, .ofs_x = 1, .ofs_y = -1},
    {.bitmap_index = 5576, .adv_w = 224, .box_w = 13, .box_h = 13, .ofs_x = 1, .ofs_y = -1},
    {.bitmap_index = 5661, .adv_w = 224, .box_w = 12, .box_h = 12, .ofs_x = 1, .ofs_y = -1},
    {.bitmap_index = 5733, .adv_w = 224, .box_w = 14, .box_h = 12, .ofs_x = 0, .ofs_y = -1},
    {.bitmap_index = 5817, .adv_w = 224, .box_w = 14, .box_h = 13, .ofs_x = 0, .ofs_y = -1},
    {.bitmap_index = 5908, .adv_w = 224, .box_w = 14, .box_h = 14, .ofs_x = 0, .ofs_y = -2},
    {.bitmap_index = 6006, .adv_w = 224, .box_w = 14, .box_h = 14, .ofs_x = 0, .ofs_y = -1},
    {.bitmap_index = 6104, .adv_w = 224, .box_w = 13, .box_h = 13, .ofs_x = 1, .ofs_y = -1},
    {.bitmap_index = 6189, .adv_w = 224, .box_w = 14, .box_h = 13, .ofs_x = 0, .ofs_y = -1},
    {.bitmap_index = 6280, .adv_w = 224, .box_w = 14, .box_h = 14, .ofs_x = 0, .ofs_y = -2},
    {.bitmap_index = 6378, .adv_w = 224, .box_w = 14, .box_h = 15, .ofs_x = 0, .ofs_y = -2},
    {.bitmap_index = 6483, .adv_w = 224, .box_w = 14, .box_h = 14, .ofs_x = 0, .ofs_y = -2},
    {.bitmap_index = 6581, .adv_w = 224, .box_w = 14, .box_h = 14, .ofs_x = 0, .ofs_y = -2},
    {.bitmap_index = 6679, .adv_w = 224, .box_w = 14, .box_h = 14, .ofs_x = 0, .ofs_y = -2},
    {.bitmap_index = 6777, .adv_w = 224, .box_w = 14, .box_h = 13, .ofs_x = 0, .ofs_y = -1},
    {.bitmap_index = 6868, .adv_w = 224, .box_w = 13, .box_h = 12, .ofs_x = 1, .ofs_y = -1},
    {.bitmap_index = 6946, .adv_w = 224, .box_w = 14, .box_h = 13, .ofs_x = 0, .ofs_y = -1},
    {.bitmap_index = 7037, .adv_w = 224, .box_w = 14, .box_h = 14, .ofs_x = 0, .ofs_y = -2},
    {.bitmap_index = 7135, .adv_w = 224, .box_w = 14, .box_h = 13, .ofs_x = 0, .ofs_y = -2},
    {.bitmap_index = 7226, .adv_w = 224, .box_w = 14, .box_h = 13, .ofs_x = 0, .ofs_y = -1},
    {.bitmap_index = 7317, .adv_w = 224, .box_w = 14, .box_h = 14, .ofs_x = 0, .ofs_y = -2},
    {.bitmap_index = 7415, .adv_w = 224, .box_w = 14, .box_h = 13, .ofs_x = 0, .ofs_y = -1},
    {.bitmap_index = 7506, .adv_w = 224, .box_w = 14, .box_h = 13, .ofs_x = 0, .ofs_y = -1},
    {.bitmap_index = 7597, .adv_w = 224, .box_w = 14, .box_h = 13, .ofs_x = 0, .ofs_y = -1},
    {.bitmap_index = 7688, .adv_w = 224, .box_w = 14, .box_h = 14, .ofs_x = 0, .ofs_y = -1},
    {.bitmap_index = 7786, .adv_w = 224, .box_w = 14, .box_h = 15, .ofs_x = 0, .ofs_y = -2},
    {.bitmap_index = 7891, .adv_w = 224, .box_w = 14, .box_h = 15, .ofs_x = 0, .ofs_y = -2},
    {.bitmap_index = 7996, .adv_w = 224, .box_w = 14, .box_h = 14, .ofs_x = 0, .ofs_y = -2},
    {.bitmap_index = 8094, .adv_w = 224, .box_w = 14, .box_h = 14, .ofs_x = 0, .ofs_y = -2},
    {.bitmap_index = 8192, .adv_w = 224, .box_w = 14, .box_h = 14, .ofs_x = 0, .ofs_y = -2},
    {.bitmap_index = 8290, .adv_w = 224, .box_w = 14, .box_h = 14, .ofs_x = 0, .ofs_y = -2},
    {.bitmap_index = 8388, .adv_w = 224, .box_w = 14, .box_h = 13, .ofs_x = 0, .ofs_y = -1},
    {.bitmap_index = 8479, .adv_w = 224, .box_w = 14, .box_h = 13, .ofs_x = 0, .ofs_y = -1},
    {.bitmap_index = 8570, .adv_w = 224, .box_w = 14, .box_h = 14, .ofs_x = 0, .ofs_y = -2},
    {.bitmap_index = 8668, .adv_w = 224, .box_w = 14, .box_h = 13, .ofs_x = 0, .ofs_y = -2},
    {.bitmap_index = 8759, .adv_w = 224, .box_w = 14, .box_h = 12, .ofs_x = 0, .ofs_y = -1},
    {.bitmap_index = 8843, .adv_w = 224, .box_w = 14, .box_h = 13, .ofs_x = 0, .ofs_y = -1},
    {.bitmap_index = 8934, .adv_w = 224, .box_w = 14, .box_h = 13, .ofs_x = 0, .ofs_y = -1},
    {.bitmap_index = 9025, .adv_w = 224, .box_w = 14, .box_h = 12, .ofs_x = 0, .ofs_y = -1},
    {.bitmap_index = 9109, .adv_w = 224, .box_w = 14, .box_h = 14, .ofs_x = 0, .ofs_y = -2},
    {.bitmap_index = 9207, .adv_w = 224, .box_w = 14, .box_h = 12, .ofs_x = 0, .ofs_y = -1},
    {.bitmap_index = 9291, .adv_w = 224, .box_w = 14, .box_h = 14, .ofs_x = 0, .ofs_y = -2},
    {.bitmap_index = 9389, .adv_w = 224, .box_w = 14, .box_h = 13, .ofs_x = 0, .ofs_y = -1},
    {.bitmap_index = 9480, .adv_w = 224, .box_w = 14, .box_h = 13, .ofs_x = 0, .ofs_y = -1},
    {.bitmap_index = 9571, .adv_w = 224, .box_w = 13, .box_h = 14, .ofs_x = 0, .ofs_y = -2},
    {.bitmap_index = 9662, .adv_w = 224, .box_w = 13, .box_h = 13, .ofs_x = 0, .ofs_y = -2},
    {.bitmap_index = 9747, .adv_w = 224, .box_w = 14, .box_h = 14, .ofs_x = 0, .ofs_y = -2},
    {.bitmap_index = 9845, .adv_w = 224, .box_w = 14, .box_h = 14, .ofs_x = 0, .ofs_y = -2},
    {.bitmap_index = 9943, .adv_w = 224, .box_w = 14, .box_h = 15, .ofs_x = 0, .ofs_y = -2},
    {.bitmap_index = 10048, .adv_w = 224, .box_w = 14, .box_h = 13, .ofs_x = 0, .ofs_y = -1},
    {.bitmap_index = 10139, .adv_w = 224, .box_w = 14, .box_h = 13, .ofs_x = 0, .ofs_y = -1},
    {.bitmap_index = 10230, .adv_w = 224, .box_w = 12, .box_h = 13, .ofs_x = 1, .ofs_y = -1},
    {.bitmap_index = 10308, .adv_w = 224, .box_w = 14, .box_h = 14, .ofs_x = 0, .ofs_y = -2},
    {.bitmap_index = 10406, .adv_w = 224, .box_w = 14, .box_h = 14, .ofs_x = 0, .ofs_y = -1},
    {.bitmap_index = 10504, .adv_w = 224, .box_w = 14, .box_h = 14, .ofs_x = 0, .ofs_y = -2},
    {.bitmap_index = 10602, .adv_w = 224, .box_w = 14, .box_h = 13, .ofs_x = 0, .ofs_y = -1},
    {.bitmap_index = 10693, .adv_w = 224, .box_w = 14, .box_h = 14, .ofs_x = 0, .ofs_y = -1},
    {.bitmap_index = 10791, .adv_w = 224, .box_w = 14, .box_h = 13, .ofs_x = 0, .ofs_y = -1},
    {.bitmap_index = 10882, .adv_w = 224, .box_w = 14, .box_h = 14, .ofs_x = 0, .ofs_y = -2},
    {.bitmap_index = 10980, .adv_w = 224, .box_w = 14, .box_h = 12, .ofs_x = 0, .ofs_y = -1},
    {.bitmap_index = 11064, .adv_w = 224, .box_w = 14, .box_h = 13, .ofs_x = 0, .ofs_y = -1},
    {.bitmap_index = 11155, .adv_w = 224, .box_w = 14, .box_h = 14, .ofs_x = 0, .ofs_y = -2},
    {.bitmap_index = 11253, .adv_w = 224, .box_w = 14, .box_h = 14, .ofs_x = 0, .ofs_y = -2},
    {.bitmap_index = 11351, .adv_w = 224, .box_w = 14, .box_h = 14, .ofs_x = 0, .ofs_y = -2},
    {.bitmap_index = 11449, .adv_w = 224, .box_w = 14, .box_h = 13, .ofs_x = 0, .ofs_y = -1},
    {.bitmap_index = 11540, .adv_w = 224, .box_w = 14, .box_h = 14, .ofs_x = 0, .ofs_y = -2},
    {.bitmap_index = 11638, .adv_w = 224, .box_w = 14, .box_h = 13, .ofs_x = 0, .ofs_y = -2},
    {.bitmap_index = 11729, .adv_w = 224, .box_w = 14, .box_h = 14, .ofs_x = 0, .ofs_y = -2},
    {.bitmap_index = 11827, .adv_w = 224, .box_w = 14, .box_h = 14, .ofs_x = 0, .ofs_y = -2},
    {.bitmap_index = 11925, .adv_w = 224, .box_w = 14, .box_h = 14, .ofs_x = 0, .ofs_y = -2},
    {.bitmap_index = 12023, .adv_w = 224, .box_w = 14, .box_h = 14, .ofs_x = 0, .ofs_y = -2},
    {.bitmap_index = 12121, .adv_w = 224, .box_w = 14, .box_h = 14, .ofs_x = 0, .ofs_y = -2},
    {.bitmap_index = 12219, .adv_w = 224, .box_w = 14, .box_h = 14, .ofs_x = 0, .ofs_y = -2},
    {.bitmap_index = 12317, .adv_w = 224, .box_w = 14, .box_h = 14, .ofs_x = 0, .ofs_y = -2},
    {.bitmap_index = 12415, .adv_w = 224, .box_w = 14, .box_h = 13, .ofs_x = 0, .ofs_y = -1},
    {.bitmap_index = 12506, .adv_w = 224, .box_w = 14, .box_h = 13, .ofs_x = 0, .ofs_y = -1},
    {.bitmap_index = 12597, .adv_w = 224, .box_w = 14, .box_h = 14, .ofs_x = 0, .ofs_y = -2},
    {.bitmap_index = 12695, .adv_w = 224, .box_w = 14, .box_h = 13, .ofs_x = 0, .ofs_y = -1},
    {.bitmap_index = 12786, .adv_w = 224, .box_w = 13, .box_h = 12, .ofs_x = 1, .ofs_y = -1},
    {.bitmap_index = 12864, .adv_w = 224, .box_w = 14, .box_h = 13, .ofs_x = 0, .ofs_y = -1},
    {.bitmap_index = 12955, .adv_w = 224, .box_w = 14, .box_h = 14, .ofs_x = 0, .ofs_y = -1}
};

/*---------------------
 *  CHARACTER MAPPING
 *--------------------*/

static const uint16_t unicode_list_1[] = {
    0x0, 0x1, 0x3, 0x46, 0xbb, 0x126, 0x12a, 0x144,
    0x145, 0x191, 0x20f, 0x234, 0x245, 0x3f0, 0x3fd, 0x41a,
    0x52f, 0x54b, 0x5b8, 0x5cc, 0x5e5, 0x5fe, 0x602, 0x604,
    0x622, 0x6f2, 0x727, 0x85e, 0x91e, 0xae6, 0xafd, 0xb10,
    0xb1d, 0xb20, 0xb45, 0xd82, 0xd90, 0xe05, 0xe07, 0xfe8,
    0x101c, 0x10f0, 0x10f6, 0x1105, 0x117b, 0x1181, 0x121d, 0x140c,
    0x14f7, 0x14ff, 0x1558, 0x159b, 0x16a3, 0x1734, 0x173e, 0x176a,
    0x17a6, 0x17c1, 0x18ea, 0x18f6, 0x18ff, 0x1974, 0x1992, 0x1c17,
    0x1d59, 0x1dab, 0x1ffb, 0x2086, 0x243d, 0x271e, 0x29e3, 0x2a64,
    0x2bb1, 0x2bc3, 0x2bc8, 0x2c70, 0x2d1c, 0x2d3f, 0x2e71, 0x30c9,
    0x30dd, 0x30e3, 0x31f9, 0x33e9, 0x3d97, 0x3d9a, 0x3da4, 0x3dcb,
    0x3ded, 0x3df9, 0x3fa9, 0x41b4, 0x41bd, 0x41c7, 0x41d2, 0x41f8,
    0x41ff, 0x4343, 0x43bd, 0x43c3, 0x4775, 0x48bc, 0x48ed, 0x4956,
    0x49e9
};

/*Collect the unicode lists and glyph_id offsets*/
static const lv_font_fmt_txt_cmap_t cmaps[] =
{
    {
        .range_start = 32, .range_length = 95, .glyph_id_start = 1,
        .unicode_list = NULL, .glyph_id_ofs_list = NULL, .list_length = 0, .type = LV_FONT_FMT_TXT_CMAP_FORMAT0_TINY
    },
    {
        .range_start = 19978, .range_length = 18922, .glyph_id_start = 96,
        .unicode_list = unicode_list_1, .glyph_id_ofs_list = NULL, .list_length = 105, .type = LV_FONT_FMT_TXT_CMAP_SPARSE_TINY
    }
};



/*--------------------
 *  ALL CUSTOM DATA
 *--------------------*/

#if LVGL_VERSION_MAJOR == 8
/*Store all the custom data of the font*/
static  lv_font_fmt_txt_glyph_cache_t cache;
#endif

#if LVGL_VERSION_MAJOR >= 8
static const lv_font_fmt_txt_dsc_t font_dsc = {
#else
static lv_font_fmt_txt_dsc_t font_dsc = {
#endif
    .glyph_bitmap = glyph_bitmap,
    .glyph_dsc = glyph_dsc,
    .cmaps = cmaps,
    .kern_dsc = NULL,
    .kern_scale = 0,
    .cmap_num = 2,
    .bpp = 4,
    .kern_classes = 0,
    .bitmap_format = 0,
#if LVGL_VERSION_MAJOR == 8
    .cache = &cache
#endif
};



/*-----------------
 *  PUBLIC FONT
 *----------------*/

/*Initialize a public general font descriptor*/
#if LVGL_VERSION_MAJOR >= 8
const lv_font_t key_font_14 = {
#else
lv_font_t key_font_14 = {
#endif
    .get_glyph_dsc = lv_font_get_glyph_dsc_fmt_txt,    /*Function pointer to get glyph's data*/
    .get_glyph_bitmap = lv_font_get_bitmap_fmt_txt,    /*Function pointer to get glyph's bitmap*/
    .line_height = 17,          /*The maximum line height required by the font*/
    .base_line = 4,             /*Baseline measured from the bottom of the line*/
#if !(LVGL_VERSION_MAJOR == 6 && LVGL_VERSION_MINOR == 0)
    .subpx = LV_FONT_SUBPX_NONE,
#endif
#if LV_VERSION_CHECK(7, 4, 0) || LVGL_VERSION_MAJOR >= 8
    .underline_position = -2,
    .underline_thickness = 1,
#endif
    .dsc = &font_dsc,          /*The custom font data. Will be accessed by `get_glyph_bitmap/dsc` */
#if LV_VERSION_CHECK(8, 2, 0) || LVGL_VERSION_MAJOR >= 9
    .fallback = NULL,
#endif
    .user_data = NULL,
};



#endif /*#if KEY_FONT_14*/
